capex_per_gw_usd_bn,us_capacity_share,occupied_gw,ending_deferred_gw,ending_spare_ready_gw
25,0.5,61.058428783525024,0.0,16.494082086040617
25,0.7,77.55251086956565,7.12928942736939,0.0
25,0.9,77.55251086956565,30.7526609407794,0.0
35,0.5,44.18459198823216,0.0,33.36791888133348
35,0.7,61.058428783525024,0.0,16.494082086040624
35,0.9,77.55251086956565,0.3797547092522482,0.0
50,0.5,31.529214391762515,0.0,46.02329647780313
50,0.7,43.34090014846751,0.0,34.211610721098126
50,0.9,55.152585905172515,0.0,22.399924964393122
