site_id,month,site_name,region,it_load_mw,pue,total_facility_mw,target_power_ready,target_rfs,initial_gpu_count,target_gpu_count,price_per_gpu_hour,power_cost_per_mwh,fixed_opex_monthly,variable_opex_per_gpu_hour,utilization_at_rfs,utilization_mature,months_to_mature,gpu_ramp_months,equity_pct,debt_pct,debt_rate_annual,debt_tenor_years,minimum_equity_first_pct,commissioning,construction_start,design_complete,power_ready,ready_for_service,site_control,scenario,rfs_month,power_gate_open,commissioning_gate_open,rfs_gate_open,capex_usd,gpu_capex_usd,months_since_rfs,utilization,gpu_online,it_load_online_mw,facility_load_online_mw,gpu_hours_available,gpu_hours_sold,price_per_gpu_hour_scenario,revenue_usd,power_mwh,power_cost_usd,fixed_opex_usd,variable_opex_usd,opex_usd,ebitda_usd,equity_draw_usd,debt_draw_usd,interest_during_construction_usd,cash_interest_usd,principal_repayment_usd,ending_debt_balance_usd,debt_service_usd,taxable_income_proxy_usd,cash_tax_usd,operating_cash_flow_usd,unlevered_free_cash_flow_usd,equity_cash_flow_usd,net_cash_flow_post_financing_usd,grant_funding_usd,customer_prepayment_usd,equipment_finance_usd,sponsor_equity_draw_usd,maintenance_capex_usd,cads_usd,dscr,rolling_12m_cads_usd,rolling_12m_debt_service_usd,rolling_12m_dscr,adjusted_equity_cash_flow_usd,capital_stack
S01,2027-01-01,Atlas East,Virginia,60,1.25,75.0,2028-01-01,2028-04-01,0,12000,3.5,62,4200000,0.18,0.25,0.82,18,9,1.0,0.0,0.0,1.0,1.0,2028-02-01,2027-06-01,2027-05-01,2028-01-01,2028-04-01,2027-01-01,base,2028-04-01,False,False,False,2952338.135667544,0.0,-15,0.0,0,0.0,0.0,0,0.0,3.5,0.0,0.0,0.0,0.0,0.0,0.0,0.0,2952338.135667544,0.0,0.0,0.0,0.0,0.0,0.0,0.0,0.0,0.0,-2952338.135667544,-2952338.135667544,0.0,0.0,0.0,0.0,2952338.135667544,0.0,0.0,,,,,-2952338.135667544,all_equity
S01,2027-02-01,Atlas East,Virginia,60,1.25,75.0,2028-01-01,2028-04-01,0,12000,3.5,62,4200000,0.18,0.25,0.82,18,9,1.0,0.0,0.0,1.0,1.0,2028-02-01,2027-06-01,2027-05-01,2028-01-01,2028-04-01,2027-01-01,base,2028-04-01,False,False,False,19950059.688890066,0.0,-14,0.0,0,0.0,0.0,0,0.0,3.5,0.0,0.0,0.0,0.0,0.0,0.0,0.0,19950059.688890066,0.0,0.0,0.0,0.0,0.0,0.0,0.0,0.0,0.0,-19950059.688890066,-19950059.688890066,0.0,0.0,0.0,0.0,19950059.688890066,0.0,0.0,,,,,-19950059.688890066,all_equity
S01,2027-03-01,Atlas East,Virginia,60,1.25,75.0,2028-01-01,2028-04-01,0,12000,3.5,62,4200000,0.18,0.25,0.82,18,9,1.0,0.0,0.0,1.0,1.0,2028-02-01,2027-06-01,2027-05-01,2028-01-01,2028-04-01,2027-01-01,base,2028-04-01,False,False,False,19143661.813204482,0.0,-13,0.0,0,0.0,0.0,0,0.0,3.5,0.0,0.0,0.0,0.0,0.0,0.0,0.0,19143661.813204482,0.0,0.0,0.0,0.0,0.0,0.0,0.0,0.0,0.0,-19143661.813204482,-19143661.813204482,0.0,0.0,0.0,0.0,19143661.813204482,0.0,0.0,,,,,-19143661.813204482,all_equity
S01,2027-04-01,Atlas East,Virginia,60,1.25,75.0,2028-01-01,2028-04-01,0,12000,3.5,62,4200000,0.18,0.25,0.82,18,9,1.0,0.0,0.0,1.0,1.0,2028-02-01,2027-06-01,2027-05-01,2028-01-01,2028-04-01,2027-01-01,base,2028-04-01,False,False,False,13148149.546374992,0.0,-12,0.0,0,0.0,0.0,0,0.0,3.5,0.0,0.0,0.0,0.0,0.0,0.0,0.0,13148149.546374992,0.0,0.0,0.0,0.0,0.0,0.0,0.0,0.0,0.0,-13148149.546374992,-13148149.546374992,0.0,0.0,0.0,0.0,13148149.546374992,0.0,0.0,,,,,-13148149.546374992,all_equity
S01,2027-05-01,Atlas East,Virginia,60,1.25,75.0,2028-01-01,2028-04-01,0,12000,3.5,62,4200000,0.18,0.25,0.82,18,9,1.0,0.0,0.0,1.0,1.0,2028-02-01,2027-06-01,2027-05-01,2028-01-01,2028-04-01,2027-01-01,base,2028-04-01,False,False,False,8896179.714969855,0.0,-11,0.0,0,0.0,0.0,0,0.0,3.5,0.0,0.0,0.0,0.0,0.0,0.0,0.0,8896179.714969855,0.0,0.0,0.0,0.0,0.0,0.0,0.0,0.0,0.0,-8896179.714969855,-8896179.714969855,0.0,0.0,0.0,0.0,8896179.714969855,0.0,0.0,,,,,-8896179.714969855,all_equity
S01,2027-06-01,Atlas East,Virginia,60,1.25,75.0,2028-01-01,2028-04-01,0,12000,3.5,62,4200000,0.18,0.25,0.82,18,9,1.0,0.0,0.0,1.0,1.0,2028-02-01,2027-06-01,2027-05-01,2028-01-01,2028-04-01,2027-01-01,base,2028-04-01,False,False,False,23163564.590840273,0.0,-10,0.0,0,0.0,0.0,0,0.0,3.5,0.0,0.0,0.0,0.0,0.0,0.0,0.0,23163564.590840273,0.0,0.0,0.0,0.0,0.0,0.0,0.0,0.0,0.0,-23163564.590840273,-23163564.590840273,0.0,0.0,0.0,0.0,23163564.590840273,0.0,0.0,,,,,-23163564.590840273,all_equity
S01,2027-07-01,Atlas East,Virginia,60,1.25,75.0,2028-01-01,2028-04-01,0,12000,3.5,62,4200000,0.18,0.25,0.82,18,9,1.0,0.0,0.0,1.0,1.0,2028-02-01,2027-06-01,2027-05-01,2028-01-01,2028-04-01,2027-01-01,base,2028-04-01,False,False,False,48607218.002984904,0.0,-9,0.0,0,0.0,0.0,0,0.0,3.5,0.0,0.0,0.0,0.0,0.0,0.0,0.0,48607218.002984904,0.0,0.0,0.0,0.0,0.0,0.0,0.0,0.0,0.0,-48607218.002984904,-48607218.002984904,0.0,0.0,0.0,0.0,48607218.002984904,0.0,0.0,,,,,-48607218.002984904,all_equity
S01,2027-08-01,Atlas East,Virginia,60,1.25,75.0,2028-01-01,2028-04-01,0,12000,3.5,62,4200000,0.18,0.25,0.82,18,9,1.0,0.0,0.0,1.0,1.0,2028-02-01,2027-06-01,2027-05-01,2028-01-01,2028-04-01,2027-01-01,base,2028-04-01,False,False,False,88273639.40653794,0.0,-8,0.0,0,0.0,0.0,0,0.0,3.5,0.0,0.0,0.0,0.0,0.0,0.0,0.0,88273639.40653794,0.0,0.0,0.0,0.0,0.0,0.0,0.0,0.0,0.0,-88273639.40653794,-88273639.40653794,0.0,0.0,0.0,0.0,88273639.40653794,0.0,0.0,,,,,-88273639.40653794,all_equity
S01,2027-09-01,Atlas East,Virginia,60,1.25,75.0,2028-01-01,2028-04-01,0,12000,3.5,62,4200000,0.18,0.25,0.82,18,9,1.0,0.0,0.0,1.0,1.0,2028-02-01,2027-06-01,2027-05-01,2028-01-01,2028-04-01,2027-01-01,base,2028-04-01,False,False,False,127940060.81009096,0.0,-7,0.0,0,0.0,0.0,0,0.0,3.5,0.0,0.0,0.0,0.0,0.0,0.0,0.0,127940060.81009096,0.0,0.0,0.0,0.0,0.0,0.0,0.0,0.0,0.0,-127940060.81009096,-127940060.81009096,0.0,0.0,0.0,0.0,127940060.81009096,0.0,0.0,,,,,-127940060.81009096,all_equity
S01,2027-10-01,Atlas East,Virginia,60,1.25,75.0,2028-01-01,2028-04-01,0,12000,3.5,62,4200000,0.18,0.25,0.82,18,9,1.0,0.0,0.0,1.0,1.0,2028-02-01,2027-06-01,2027-05-01,2028-01-01,2028-04-01,2027-01-01,base,2028-04-01,False,False,False,159778356.60462138,0.0,-6,0.0,0,0.0,0.0,0,0.0,3.5,0.0,0.0,0.0,0.0,0.0,0.0,0.0,159778356.60462138,0.0,0.0,0.0,0.0,0.0,0.0,0.0,0.0,0.0,-159778356.60462138,-159778356.60462138,0.0,0.0,0.0,0.0,159778356.60462138,0.0,0.0,,,,,-159778356.60462138,all_equity
S01,2027-11-01,Atlas East,Virginia,60,1.25,75.0,2028-01-01,2028-04-01,0,12000,3.5,62,4200000,0.18,0.25,0.82,18,9,1.0,0.0,0.0,1.0,1.0,2028-02-01,2027-06-01,2027-05-01,2028-01-01,2028-04-01,2027-01-01,base,2028-04-01,False,False,False,160881344.95668158,0.0,-5,0.0,0,0.0,0.0,0,0.0,3.5,0.0,0.0,0.0,0.0,0.0,0.0,0.0,160881344.95668158,0.0,0.0,0.0,0.0,0.0,0.0,0.0,0.0,0.0,-160881344.95668158,-160881344.95668158,0.0,0.0,0.0,0.0,160881344.95668158,0.0,0.0,,,,,-160881344.95668158,all_equity
S01,2027-12-01,Atlas East,Virginia,60,1.25,75.0,2028-01-01,2028-04-01,0,12000,3.5,62,4200000,0.18,0.25,0.82,18,9,1.0,0.0,0.0,1.0,1.0,2028-02-01,2027-06-01,2027-05-01,2028-01-01,2028-04-01,2027-01-01,base,2028-04-01,False,False,False,93512995.72912401,0.0,-4,0.0,0,0.0,0.0,0,0.0,3.5,0.0,0.0,0.0,0.0,0.0,0.0,0.0,93512995.72912401,0.0,0.0,0.0,0.0,0.0,0.0,0.0,0.0,0.0,-93512995.72912401,-93512995.72912401,0.0,0.0,0.0,0.0,93512995.72912401,0.0,0.0,,0.0,0.0,,-93512995.72912401,all_equity
S01,2028-01-01,Atlas East,Virginia,60,1.25,75.0,2028-01-01,2028-04-01,0,12000,3.5,62,4200000,0.18,0.25,0.82,18,9,1.0,0.0,0.0,1.0,1.0,2028-02-01,2027-06-01,2027-05-01,2028-01-01,2028-04-01,2027-01-01,base,2028-04-01,True,False,False,84216297.1702724,24172661.870503593,-3,0.0,0,0.0,0.0,0,0.0,3.5,0.0,0.0,0.0,0.0,0.0,0.0,0.0,84216297.1702724,0.0,0.0,0.0,0.0,0.0,0.0,0.0,0.0,0.0,-84216297.1702724,-84216297.1702724,0.0,0.0,0.0,0.0,84216297.1702724,0.0,0.0,,0.0,0.0,,-84216297.1702724,all_equity
S01,2028-02-01,Atlas East,Virginia,60,1.25,75.0,2028-01-01,2028-04-01,0,12000,3.5,62,4200000,0.18,0.25,0.82,18,9,1.0,0.0,0.0,1.0,1.0,2028-02-01,2027-06-01,2027-05-01,2028-01-01,2028-04-01,2027-01-01,base,2028-04-01,True,True,False,187593687.7865741,143884892.08633092,-2,0.0,0,0.0,0.0,0,0.0,3.5,0.0,0.0,0.0,0.0,0.0,0.0,0.0,187593687.7865741,0.0,0.0,0.0,0.0,0.0,0.0,0.0,0.0,0.0,-187593687.7865741,-187593687.7865741,0.0,0.0,0.0,0.0,187593687.7865741,0.0,0.0,,0.0,0.0,,-187593687.7865741,all_equity
S01,2028-03-01,Atlas East,Virginia,60,1.25,75.0,2028-01-01,2028-04-01,0,12000,3.5,62,4200000,0.18,0.25,0.82,18,9,1.0,0.0,0.0,1.0,1.0,2028-02-01,2027-06-01,2027-05-01,2028-01-01,2028-04-01,2027-01-01,base,2028-04-01,True,True,False,287769784.17266184,287769784.17266184,-1,0.0,0,0.0,0.0,0,0.0,3.5,0.0,0.0,0.0,0.0,0.0,0.0,0.0,287769784.17266184,0.0,0.0,0.0,0.0,0.0,0.0,0.0,0.0,0.0,-287769784.17266184,-287769784.17266184,0.0,0.0,0.0,0.0,287769784.17266184,0.0,0.0,,0.0,0.0,,-287769784.17266184,all_equity
S01,2028-04-01,Atlas East,Virginia,60,1.25,75.0,2028-01-01,2028-04-01,0,12000,3.5,62,4200000,0.18,0.25,0.82,18,9,1.0,0.0,0.0,1.0,1.0,2028-02-01,2027-06-01,2027-05-01,2028-01-01,2028-04-01,2027-01-01,base,2028-04-01,True,True,True,24172661.870503593,24172661.870503593,0,0.25,1333,6.665,8.33125,959760,239940.0,3.5,839790.0,1499.6250000000002,92976.75000000001,4200000.0,43189.2,4336165.95,-3496375.95,24172661.870503593,0.0,0.0,0.0,0.0,0.0,0.0,0.0,0.0,-3496375.95,-27669037.820503592,-27669037.820503592,-3496375.9499999993,0.0,0.0,0.0,24172661.870503593,16795.8,-3513171.75,,-3513171.75,0.0,,-27685833.620503593,all_equity
S01,2028-05-01,Atlas East,Virginia,60,1.25,75.0,2028-01-01,2028-04-01,0,12000,3.5,62,4200000,0.18,0.25,0.82,18,9,1.0,0.0,0.0,1.0,1.0,2028-02-01,2027-06-01,2027-05-01,2028-01-01,2028-04-01,2027-01-01,base,2028-04-01,True,True,True,0.0,0.0,1,0.2816666666666667,2666,13.33,16.6625,1983504,558686.96,3.5,1955404.3599999999,3491.7935000000007,216491.19700000004,4200000.0,100563.6528,4517054.8498,-2561650.4898,0.0,0.0,0.0,0.0,0.0,0.0,0.0,0.0,0.0,-2561650.4898,-2561650.4898,-2561650.4898,-2561650.4898,0.0,0.0,0.0,0.0,39108.0872,-2600758.577,,-6113930.327,0.0,,-2600758.577,all_equity
S01,2028-06-01,Atlas East,Virginia,60,1.25,75.0,2028-01-01,2028-04-01,0,12000,3.5,62,4200000,0.18,0.25,0.82,18,9,1.0,0.0,0.0,1.0,1.0,2028-02-01,2027-06-01,2027-05-01,2028-01-01,2028-04-01,2027-01-01,base,2028-04-01,True,True,True,0.0,0.0,2,0.31333333333333335,4000,20.0,25.0,2880000,902400.0,3.5,3158400.0,5640.0,349680.0,4200000.0,162432.0,4712112.0,-1553712.0,0.0,0.0,0.0,0.0,0.0,0.0,0.0,0.0,0.0,-1553712.0,-1553712.0,-1553712.0,-1553712.0,0.0,0.0,0.0,0.0,63168.0,-1616880.0,,-7730810.327,0.0,,-1616880.0,all_equity
S01,2028-07-01,Atlas East,Virginia,60,1.25,75.0,2028-01-01,2028-04-01,0,12000,3.5,62,4200000,0.18,0.25,0.82,18,9,1.0,0.0,0.0,1.0,1.0,2028-02-01,2027-06-01,2027-05-01,2028-01-01,2028-04-01,2027-01-01,base,2028-04-01,True,True,True,0.0,0.0,3,0.345,5333,26.665,33.33125,3967752,1368874.44,3.5,4791060.54,8555.465249999997,530438.8454999998,4200000.0,246397.39919999999,4976836.2447,-185775.70469999965,0.0,0.0,0.0,0.0,0.0,0.0,0.0,0.0,0.0,-185775.70469999965,-185775.70469999965,-185775.70469999965,-185775.70469999965,0.0,0.0,0.0,0.0,95821.2108,-281596.91549999965,,-8012407.2425,0.0,,-281596.91549999965,all_equity
S01,2028-08-01,Atlas East,Virginia,60,1.25,75.0,2028-01-01,2028-04-01,0,12000,3.5,62,4200000,0.18,0.25,0.82,18,9,1.0,0.0,0.0,1.0,1.0,2028-02-01,2027-06-01,2027-05-01,2028-01-01,2028-04-01,2027-01-01,base,2028-04-01,True,True,True,0.0,0.0,4,0.37666666666666665,6666,33.33,41.662499999999994,4959504,1868079.8399999999,3.5,6538279.4399999995,11675.498999999998,723880.9379999998,4200000.0,336254.37119999994,5260135.3092,1278144.1307999995,0.0,0.0,0.0,0.0,0.0,0.0,0.0,1278144.1307999995,319536.03269999987,958608.0980999996,958608.0980999996,958608.0980999996,958608.0980999996,0.0,0.0,0.0,0.0,130765.5888,827842.5092999996,,-7184564.733200001,0.0,,827842.5092999996,all_equity
S01,2028-09-01,Atlas East,Virginia,60,1.25,75.0,2028-01-01,2028-04-01,0,12000,3.5,62,4200000,0.18,0.25,0.82,18,9,1.0,0.0,0.0,1.0,1.0,2028-02-01,2027-06-01,2027-05-01,2028-01-01,2028-04-01,2027-01-01,base,2028-04-01,True,True,True,0.0,0.0,5,0.4083333333333333,8000,40.0,50.0,5760000,2352000.0,3.5,8232000.0,14700.0,911400.0,4200000.0,423360.0,5534760.0,2697240.0,0.0,0.0,0.0,0.0,0.0,0.0,0.0,2697240.0,674310.0,2022930.0,2022930.0,2022930.0,2022930.0,0.0,0.0,0.0,0.0,164640.0,1858290.0,,-5326274.733200001,0.0,,1858290.0,all_equity
S01,2028-10-01,Atlas East,Virginia,60,1.25,75.0,2028-01-01,2028-04-01,0,12000,3.5,62,4200000,0.18,0.25,0.82,18,9,1.0,0.0,0.0,1.0,1.0,2028-02-01,2027-06-01,2027-05-01,2028-01-01,2028-04-01,2027-01-01,base,2028-04-01,True,True,True,0.0,0.0,6,0.43999999999999995,9333,46.665000000000006,58.33125000000001,6943752,3055250.8799999994,3.5,10693378.079999998,19095.318000000003,1183909.7160000002,4200000.0,549945.1583999998,5933854.8744,4759523.205599998,0.0,0.0,0.0,0.0,0.0,0.0,0.0,4759523.205599998,1189880.8013999995,3569642.404199999,3569642.404199999,3569642.404199999,3569642.404199999,0.0,0.0,0.0,0.0,213867.56159999996,3355774.8425999987,,-1970499.8906000014,0.0,,3355774.8425999987,all_equity
S01,2028-11-01,Atlas East,Virginia,60,1.25,75.0,2028-01-01,2028-04-01,0,12000,3.5,62,4200000,0.18,0.25,0.82,18,9,1.0,0.0,0.0,1.0,1.0,2028-02-01,2027-06-01,2027-05-01,2028-01-01,2028-04-01,2027-01-01,base,2028-04-01,True,True,True,0.0,0.0,7,0.4716666666666667,10666,53.33,66.6625,7679520,3622173.6,3.5,12677607.6,22638.584999999995,1403592.2699999998,4200000.0,651991.248,6255583.517999999,6422024.082,0.0,0.0,0.0,0.0,0.0,0.0,0.0,6422024.082,1605506.0205,4816518.0615,4816518.0615,4816518.0615,4816518.0615,0.0,0.0,0.0,0.0,253552.152,4562965.9095,,2592466.0188999986,0.0,,4562965.9095,all_equity
S01,2028-12-01,Atlas East,Virginia,60,1.25,75.0,2028-01-01,2028-04-01,0,12000,3.5,62,4200000,0.18,0.25,0.82,18,9,1.0,0.0,0.0,1.0,1.0,2028-02-01,2027-06-01,2027-05-01,2028-01-01,2028-04-01,2027-01-01,base,2028-04-01,True,True,True,0.0,0.0,8,0.5033333333333333,12000,60.0,75.0,8928000,4493760.0,3.5,15728160.0,28085.999999999996,1741331.9999999998,4200000.0,808876.7999999999,6750208.8,8977951.2,0.0,0.0,0.0,0.0,0.0,0.0,0.0,8977951.2,2244487.8,6733463.399999999,6733463.399999999,6733463.399999999,6733463.399999999,0.0,0.0,0.0,0.0,314563.2,6418900.199999999,,9011366.218899999,0.0,,6418900.199999999,all_equity
S01,2029-01-01,Atlas East,Virginia,60,1.25,75.0,2028-01-01,2028-04-01,0,12000,3.5,62,4200000,0.18,0.25,0.82,18,9,1.0,0.0,0.0,1.0,1.0,2028-02-01,2027-06-01,2027-05-01,2028-01-01,2028-04-01,2027-01-01,base,2028-04-01,True,True,True,0.0,0.0,9,0.5349999999999999,12000,60.0,75.0,8928000,4776479.999999999,3.5,16717679.999999996,29852.999999999996,1850885.9999999998,4200000.0,859766.3999999998,6910652.399999999,9807027.599999998,0.0,0.0,0.0,0.0,0.0,0.0,0.0,9807027.599999998,2451756.8999999994,7355270.699999998,7355270.699999998,7355270.699999998,7355270.699999998,0.0,0.0,0.0,0.0,334353.5999999999,7020917.099999999,,16032283.318899997,0.0,,7020917.099999999,all_equity
S01,2029-02-01,Atlas East,Virginia,60,1.25,75.0,2028-01-01,2028-04-01,0,12000,3.5,62,4200000,0.18,0.25,0.82,18,9,1.0,0.0,0.0,1.0,1.0,2028-02-01,2027-06-01,2027-05-01,2028-01-01,2028-04-01,2027-01-01,base,2028-04-01,True,True,True,0.0,0.0,10,0.5666666666666667,12000,60.0,75.0,8064000,4569600.0,3.5,15993600.0,28560.0,1770720.0,4200000.0,822528.0,6793248.0,9200352.0,0.0,0.0,0.0,0.0,0.0,0.0,0.0,9200352.0,2300088.0,6900264.0,6900264.0,6900264.0,6900264.0,0.0,0.0,0.0,0.0,319872.0,6580392.0,,22612675.318899997,0.0,,6580392.0,all_equity
S01,2029-03-01,Atlas East,Virginia,60,1.25,75.0,2028-01-01,2028-04-01,0,12000,3.5,62,4200000,0.18,0.25,0.82,18,9,1.0,0.0,0.0,1.0,1.0,2028-02-01,2027-06-01,2027-05-01,2028-01-01,2028-04-01,2027-01-01,base,2028-04-01,True,True,True,0.0,0.0,11,0.5983333333333334,12000,60.0,75.0,8928000,5341920.0,3.5,18696720.0,33387.0,2069994.0,4200000.0,961545.6,7231539.6,11465180.4,0.0,0.0,0.0,0.0,0.0,0.0,0.0,11465180.4,2866295.1,8598885.3,8598885.3,8598885.3,8598885.3,0.0,0.0,0.0,0.0,373934.4,8224950.9,,30837626.218899995,0.0,,8224950.9,all_equity
S01,2029-04-01,Atlas East,Virginia,60,1.25,75.0,2028-01-01,2028-04-01,0,12000,3.5,62,4200000,0.18,0.25,0.82,18,9,1.0,0.0,0.0,1.0,1.0,2028-02-01,2027-06-01,2027-05-01,2028-01-01,2028-04-01,2027-01-01,base,2028-04-01,True,True,True,0.0,0.0,12,0.6299999999999999,12000,60.0,75.0,8640000,5443199.999999999,3.5,19051199.999999996,34019.99999999999,2109239.9999999995,4200000.0,979775.9999999998,7289016.0,11762183.999999996,0.0,0.0,0.0,0.0,0.0,0.0,0.0,11762183.999999996,2940545.999999999,8821637.999999996,8821637.999999996,8821637.999999996,8821637.999999996,0.0,0.0,0.0,0.0,381023.99999999994,8440613.999999996,,42791411.968899995,0.0,,8440613.999999996,all_equity
S01,2029-05-01,Atlas East,Virginia,60,1.25,75.0,2028-01-01,2028-04-01,0,12000,3.5,62,4200000,0.18,0.25,0.82,18,9,1.0,0.0,0.0,1.0,1.0,2028-02-01,2027-06-01,2027-05-01,2028-01-01,2028-04-01,2027-01-01,base,2028-04-01,True,True,True,0.0,0.0,13,0.6616666666666666,12000,60.0,75.0,8928000,5907360.0,3.5,20675760.0,36921.0,2289102.0,4200000.0,1063324.8,7552426.8,13123333.2,0.0,0.0,0.0,0.0,0.0,0.0,0.0,13123333.2,3280833.3,9842499.899999999,9842499.899999999,9842499.899999999,9842499.899999999,0.0,0.0,0.0,0.0,413515.2,9428984.7,,54821155.24589999,0.0,,9428984.7,all_equity
S01,2029-06-01,Atlas East,Virginia,60,1.25,75.0,2028-01-01,2028-04-01,0,12000,3.5,62,4200000,0.18,0.25,0.82,18,9,1.0,0.0,0.0,1.0,1.0,2028-02-01,2027-06-01,2027-05-01,2028-01-01,2028-04-01,2027-01-01,base,2028-04-01,True,True,True,0.0,0.0,14,0.6933333333333334,12000,60.0,75.0,8640000,5990400.0,3.5,20966400.0,37440.0,2321280.0,4200000.0,1078272.0,7599552.0,13366848.0,0.0,0.0,0.0,0.0,0.0,0.0,0.0,13366848.0,3341712.0,10025136.0,10025136.0,10025136.0,10025136.0,0.0,0.0,0.0,0.0,419328.0,9605808.0,,66043843.24589999,0.0,,9605808.0,all_equity
S01,2029-07-01,Atlas East,Virginia,60,1.25,75.0,2028-01-01,2028-04-01,0,12000,3.5,62,4200000,0.18,0.25,0.82,18,9,1.0,0.0,0.0,1.0,1.0,2028-02-01,2027-06-01,2027-05-01,2028-01-01,2028-04-01,2027-01-01,base,2028-04-01,True,True,True,0.0,0.0,15,0.725,12000,60.0,75.0,8928000,6472800.0,3.5,22654800.0,40455.0,2508210.0,4200000.0,1165104.0,7873314.0,14781486.0,0.0,0.0,0.0,0.0,0.0,0.0,0.0,14781486.0,3695371.5,11086114.5,11086114.5,11086114.5,11086114.5,0.0,0.0,0.0,0.0,453096.0,10633018.5,,76958458.66139999,0.0,,10633018.5,all_equity
S01,2029-08-01,Atlas East,Virginia,60,1.25,75.0,2028-01-01,2028-04-01,0,12000,3.5,62,4200000,0.18,0.25,0.82,18,9,1.0,0.0,0.0,1.0,1.0,2028-02-01,2027-06-01,2027-05-01,2028-01-01,2028-04-01,2027-01-01,base,2028-04-01,True,True,True,0.0,0.0,16,0.7566666666666666,12000,60.0,75.0,8928000,6755519.999999999,3.5,23644319.999999996,42221.99999999999,2617763.9999999995,4200000.0,1215993.5999999999,8033757.6,15610562.399999997,0.0,0.0,0.0,0.0,0.0,0.0,0.0,15610562.399999997,3902640.599999999,11707921.799999997,11707921.799999997,11707921.799999997,11707921.799999997,0.0,0.0,0.0,0.0,472886.3999999999,11235035.399999997,,87365651.5521,0.0,,11235035.399999997,all_equity
S01,2029-09-01,Atlas East,Virginia,60,1.25,75.0,2028-01-01,2028-04-01,0,12000,3.5,62,4200000,0.18,0.25,0.82,18,9,1.0,0.0,0.0,1.0,1.0,2028-02-01,2027-06-01,2027-05-01,2028-01-01,2028-04-01,2027-01-01,base,2028-04-01,True,True,True,0.0,0.0,17,0.7883333333333332,12000,60.0,75.0,8640000,6811199.999999999,3.5,23839199.999999996,42569.99999999999,2639339.9999999995,4200000.0,1226015.9999999998,8065356.0,15773843.999999996,0.0,0.0,0.0,0.0,0.0,0.0,0.0,15773843.999999996,3943460.999999999,11830382.999999996,11830382.999999996,11830382.999999996,11830382.999999996,0.0,0.0,0.0,0.0,476783.99999999994,11353598.999999996,,96860960.55209999,0.0,,11353598.999999996,all_equity
S01,2029-10-01,Atlas East,Virginia,60,1.25,75.0,2028-01-01,2028-04-01,0,12000,3.5,62,4200000,0.18,0.25,0.82,18,9,1.0,0.0,0.0,1.0,1.0,2028-02-01,2027-06-01,2027-05-01,2028-01-01,2028-04-01,2027-01-01,base,2028-04-01,True,True,True,0.0,0.0,18,0.82,12000,60.0,75.0,8928000,7320960.0,3.5,25623360.0,45756.0,2836872.0,4200000.0,1317772.8,8354644.8,17268715.2,0.0,0.0,0.0,0.0,0.0,0.0,0.0,17268715.2,4317178.8,12951536.399999999,12951536.399999999,12951536.399999999,12951536.399999999,0.0,0.0,0.0,0.0,512467.2,12439069.2,,105944254.90949999,0.0,,12439069.2,all_equity
S01,2029-11-01,Atlas East,Virginia,60,1.25,75.0,2028-01-01,2028-04-01,0,12000,3.5,62,4200000,0.18,0.25,0.82,18,9,1.0,0.0,0.0,1.0,1.0,2028-02-01,2027-06-01,2027-05-01,2028-01-01,2028-04-01,2027-01-01,base,2028-04-01,True,True,True,0.0,0.0,19,0.82,12000,60.0,75.0,8640000,7084800.0,3.5,24796800.0,44280.0,2745360.0,4200000.0,1275264.0,8220624.0,16576176.0,0.0,0.0,0.0,0.0,0.0,0.0,0.0,16576176.0,4144044.0,12432132.0,12432132.0,12432132.0,12432132.0,0.0,0.0,0.0,0.0,495936.0,11936196.0,,113317484.99999999,0.0,,11936196.0,all_equity
S01,2029-12-01,Atlas East,Virginia,60,1.25,75.0,2028-01-01,2028-04-01,0,12000,3.5,62,4200000,0.18,0.25,0.82,18,9,1.0,0.0,0.0,1.0,1.0,2028-02-01,2027-06-01,2027-05-01,2028-01-01,2028-04-01,2027-01-01,base,2028-04-01,True,True,True,0.0,0.0,20,0.82,12000,60.0,75.0,8928000,7320960.0,3.5,25623360.0,45756.0,2836872.0,4200000.0,1317772.8,8354644.8,17268715.2,0.0,0.0,0.0,0.0,0.0,0.0,0.0,17268715.2,4317178.8,12951536.399999999,12951536.399999999,12951536.399999999,12951536.399999999,0.0,0.0,0.0,0.0,512467.2,12439069.2,,119337653.99999999,0.0,,12439069.2,all_equity
S01,2030-01-01,Atlas East,Virginia,60,1.25,75.0,2028-01-01,2028-04-01,0,12000,3.5,62,4200000,0.18,0.25,0.82,18,9,1.0,0.0,0.0,1.0,1.0,2028-02-01,2027-06-01,2027-05-01,2028-01-01,2028-04-01,2027-01-01,base,2028-04-01,True,True,True,0.0,0.0,21,0.82,12000,60.0,75.0,8928000,7320960.0,3.5,25623360.0,45756.0,2836872.0,4200000.0,1317772.8,8354644.8,17268715.2,0.0,0.0,0.0,0.0,0.0,0.0,0.0,17268715.2,4317178.8,12951536.399999999,12951536.399999999,12951536.399999999,12951536.399999999,0.0,0.0,0.0,0.0,512467.2,12439069.2,,124755806.1,0.0,,12439069.2,all_equity
S01,2030-02-01,Atlas East,Virginia,60,1.25,75.0,2028-01-01,2028-04-01,0,12000,3.5,62,4200000,0.18,0.25,0.82,18,9,1.0,0.0,0.0,1.0,1.0,2028-02-01,2027-06-01,2027-05-01,2028-01-01,2028-04-01,2027-01-01,base,2028-04-01,True,True,True,0.0,0.0,22,0.82,12000,60.0,75.0,8064000,6612480.0,3.5,23143680.0,41328.0,2562336.0,4200000.0,1190246.4,7952582.4,15191097.6,0.0,0.0,0.0,0.0,0.0,0.0,0.0,15191097.6,3797774.4,11393323.2,11393323.2,11393323.2,11393323.2,0.0,0.0,0.0,0.0,462873.60000000003,10930449.6,,129105863.69999999,0.0,,10930449.6,all_equity
S01,2030-03-01,Atlas East,Virginia,60,1.25,75.0,2028-01-01,2028-04-01,0,12000,3.5,62,4200000,0.18,0.25,0.82,18,9,1.0,0.0,0.0,1.0,1.0,2028-02-01,2027-06-01,2027-05-01,2028-01-01,2028-04-01,2027-01-01,base,2028-04-01,True,True,True,0.0,0.0,23,0.82,12000,60.0,75.0,8928000,7320960.0,3.5,25623360.0,45756.0,2836872.0,4200000.0,1317772.8,8354644.8,17268715.2,0.0,0.0,0.0,0.0,0.0,0.0,0.0,17268715.2,4317178.8,12951536.399999999,12951536.399999999,12951536.399999999,12951536.399999999,0.0,0.0,0.0,0.0,512467.2,12439069.2,,133319981.99999999,0.0,,12439069.2,all_equity
S01,2030-04-01,Atlas East,Virginia,60,1.25,75.0,2028-01-01,2028-04-01,0,12000,3.5,62,4200000,0.18,0.25,0.82,18,9,1.0,0.0,0.0,1.0,1.0,2028-02-01,2027-06-01,2027-05-01,2028-01-01,2028-04-01,2027-01-01,base,2028-04-01,True,True,True,0.0,0.0,24,0.82,12000,60.0,75.0,8640000,7084800.0,3.5,24796800.0,44280.0,2745360.0,4200000.0,1275264.0,8220624.0,16576176.0,0.0,0.0,0.0,0.0,0.0,0.0,0.0,16576176.0,4144044.0,12432132.0,12432132.0,12432132.0,12432132.0,0.0,0.0,0.0,0.0,495936.0,11936196.0,,136815564.0,0.0,,11936196.0,all_equity
S01,2030-05-01,Atlas East,Virginia,60,1.25,75.0,2028-01-01,2028-04-01,0,12000,3.5,62,4200000,0.18,0.25,0.82,18,9,1.0,0.0,0.0,1.0,1.0,2028-02-01,2027-06-01,2027-05-01,2028-01-01,2028-04-01,2027-01-01,base,2028-04-01,True,True,True,0.0,0.0,25,0.82,12000,60.0,75.0,8928000,7320960.0,3.5,25623360.0,45756.0,2836872.0,4200000.0,1317772.8,8354644.8,17268715.2,0.0,0.0,0.0,0.0,0.0,0.0,0.0,17268715.2,4317178.8,12951536.399999999,12951536.399999999,12951536.399999999,12951536.399999999,0.0,0.0,0.0,0.0,512467.2,12439069.2,,139825648.5,0.0,,12439069.2,all_equity
S01,2030-06-01,Atlas East,Virginia,60,1.25,75.0,2028-01-01,2028-04-01,0,12000,3.5,62,4200000,0.18,0.25,0.82,18,9,1.0,0.0,0.0,1.0,1.0,2028-02-01,2027-06-01,2027-05-01,2028-01-01,2028-04-01,2027-01-01,base,2028-04-01,True,True,True,0.0,0.0,26,0.82,12000,60.0,75.0,8640000,7084800.0,3.5,24796800.0,44280.0,2745360.0,4200000.0,1275264.0,8220624.0,16576176.0,0.0,0.0,0.0,0.0,0.0,0.0,0.0,16576176.0,4144044.0,12432132.0,12432132.0,12432132.0,12432132.0,0.0,0.0,0.0,0.0,495936.0,11936196.0,,142156036.5,0.0,,11936196.0,all_equity
S01,2030-07-01,Atlas East,Virginia,60,1.25,75.0,2028-01-01,2028-04-01,0,12000,3.5,62,4200000,0.18,0.25,0.82,18,9,1.0,0.0,0.0,1.0,1.0,2028-02-01,2027-06-01,2027-05-01,2028-01-01,2028-04-01,2027-01-01,base,2028-04-01,True,True,True,0.0,0.0,27,0.82,12000,60.0,75.0,8928000,7320960.0,3.5,25623360.0,45756.0,2836872.0,4200000.0,1317772.8,8354644.8,17268715.2,0.0,0.0,0.0,0.0,0.0,0.0,0.0,17268715.2,4317178.8,12951536.399999999,12951536.399999999,12951536.399999999,12951536.399999999,0.0,0.0,0.0,0.0,512467.2,12439069.2,,143962087.2,0.0,,12439069.2,all_equity
S01,2030-08-01,Atlas East,Virginia,60,1.25,75.0,2028-01-01,2028-04-01,0,12000,3.5,62,4200000,0.18,0.25,0.82,18,9,1.0,0.0,0.0,1.0,1.0,2028-02-01,2027-06-01,2027-05-01,2028-01-01,2028-04-01,2027-01-01,base,2028-04-01,True,True,True,0.0,0.0,28,0.82,12000,60.0,75.0,8928000,7320960.0,3.5,25623360.0,45756.0,2836872.0,4200000.0,1317772.8,8354644.8,17268715.2,0.0,0.0,0.0,0.0,0.0,0.0,0.0,17268715.2,4317178.8,12951536.399999999,12951536.399999999,12951536.399999999,12951536.399999999,0.0,0.0,0.0,0.0,512467.2,12439069.2,,145166120.99999997,0.0,,12439069.2,all_equity
S01,2030-09-01,Atlas East,Virginia,60,1.25,75.0,2028-01-01,2028-04-01,0,12000,3.5,62,4200000,0.18,0.25,0.82,18,9,1.0,0.0,0.0,1.0,1.0,2028-02-01,2027-06-01,2027-05-01,2028-01-01,2028-04-01,2027-01-01,base,2028-04-01,True,True,True,0.0,0.0,29,0.82,12000,60.0,75.0,8640000,7084800.0,3.5,24796800.0,44280.0,2745360.0,4200000.0,1275264.0,8220624.0,16576176.0,0.0,0.0,0.0,0.0,0.0,0.0,0.0,16576176.0,4144044.0,12432132.0,12432132.0,12432132.0,12432132.0,0.0,0.0,0.0,0.0,495936.0,11936196.0,,145748718.0,0.0,,11936196.0,all_equity
S01,2030-10-01,Atlas East,Virginia,60,1.25,75.0,2028-01-01,2028-04-01,0,12000,3.5,62,4200000,0.18,0.25,0.82,18,9,1.0,0.0,0.0,1.0,1.0,2028-02-01,2027-06-01,2027-05-01,2028-01-01,2028-04-01,2027-01-01,base,2028-04-01,True,True,True,0.0,0.0,30,0.82,12000,60.0,75.0,8928000,7320960.0,3.5,25623360.0,45756.0,2836872.0,4200000.0,1317772.8,8354644.8,17268715.2,0.0,0.0,0.0,0.0,0.0,0.0,0.0,17268715.2,4317178.8,12951536.399999999,12951536.399999999,12951536.399999999,12951536.399999999,0.0,0.0,0.0,0.0,512467.2,12439069.2,,145748718.0,0.0,,12439069.2,all_equity
S01,2030-11-01,Atlas East,Virginia,60,1.25,75.0,2028-01-01,2028-04-01,0,12000,3.5,62,4200000,0.18,0.25,0.82,18,9,1.0,0.0,0.0,1.0,1.0,2028-02-01,2027-06-01,2027-05-01,2028-01-01,2028-04-01,2027-01-01,base,2028-04-01,True,True,True,0.0,0.0,31,0.82,12000,60.0,75.0,8640000,7084800.0,3.5,24796800.0,44280.0,2745360.0,4200000.0,1275264.0,8220624.0,16576176.0,0.0,0.0,0.0,0.0,0.0,0.0,0.0,16576176.0,4144044.0,12432132.0,12432132.0,12432132.0,12432132.0,0.0,0.0,0.0,0.0,495936.0,11936196.0,,145748718.0,0.0,,11936196.0,all_equity
S01,2030-12-01,Atlas East,Virginia,60,1.25,75.0,2028-01-01,2028-04-01,0,12000,3.5,62,4200000,0.18,0.25,0.82,18,9,1.0,0.0,0.0,1.0,1.0,2028-02-01,2027-06-01,2027-05-01,2028-01-01,2028-04-01,2027-01-01,base,2028-04-01,True,True,True,0.0,0.0,32,0.82,12000,60.0,75.0,8928000,7320960.0,3.5,25623360.0,45756.0,2836872.0,4200000.0,1317772.8,8354644.8,17268715.2,0.0,0.0,0.0,0.0,0.0,0.0,0.0,17268715.2,4317178.8,12951536.399999999,12951536.399999999,12951536.399999999,12951536.399999999,0.0,0.0,0.0,0.0,512467.2,12439069.2,,145748718.0,0.0,,12439069.2,all_equity
S01,2031-01-01,Atlas East,Virginia,60,1.25,75.0,2028-01-01,2028-04-01,0,12000,3.5,62,4200000,0.18,0.25,0.82,18,9,1.0,0.0,0.0,1.0,1.0,2028-02-01,2027-06-01,2027-05-01,2028-01-01,2028-04-01,2027-01-01,base,2028-04-01,True,True,True,0.0,0.0,33,0.82,12000,60.0,75.0,8928000,7320960.0,3.5,25623360.0,45756.0,2836872.0,4200000.0,1317772.8,8354644.8,17268715.2,0.0,0.0,0.0,0.0,0.0,0.0,0.0,17268715.2,4317178.8,12951536.399999999,12951536.399999999,12951536.399999999,12951536.399999999,0.0,0.0,0.0,0.0,512467.2,12439069.2,,145748718.0,0.0,,12439069.2,all_equity
S01,2031-02-01,Atlas East,Virginia,60,1.25,75.0,2028-01-01,2028-04-01,0,12000,3.5,62,4200000,0.18,0.25,0.82,18,9,1.0,0.0,0.0,1.0,1.0,2028-02-01,2027-06-01,2027-05-01,2028-01-01,2028-04-01,2027-01-01,base,2028-04-01,True,True,True,0.0,0.0,34,0.82,12000,60.0,75.0,8064000,6612480.0,3.5,23143680.0,41328.0,2562336.0,4200000.0,1190246.4,7952582.4,15191097.6,0.0,0.0,0.0,0.0,0.0,0.0,0.0,15191097.6,3797774.4,11393323.2,11393323.2,11393323.2,11393323.2,0.0,0.0,0.0,0.0,462873.60000000003,10930449.6,,145748718.0,0.0,,10930449.6,all_equity
S01,2031-03-01,Atlas East,Virginia,60,1.25,75.0,2028-01-01,2028-04-01,0,12000,3.5,62,4200000,0.18,0.25,0.82,18,9,1.0,0.0,0.0,1.0,1.0,2028-02-01,2027-06-01,2027-05-01,2028-01-01,2028-04-01,2027-01-01,base,2028-04-01,True,True,True,0.0,0.0,35,0.82,12000,60.0,75.0,8928000,7320960.0,3.5,25623360.0,45756.0,2836872.0,4200000.0,1317772.8,8354644.8,17268715.2,0.0,0.0,0.0,0.0,0.0,0.0,0.0,17268715.2,4317178.8,12951536.399999999,12951536.399999999,12951536.399999999,12951536.399999999,0.0,0.0,0.0,0.0,512467.2,12439069.2,,145748718.0,0.0,,12439069.2,all_equity
S01,2031-04-01,Atlas East,Virginia,60,1.25,75.0,2028-01-01,2028-04-01,0,12000,3.5,62,4200000,0.18,0.25,0.82,18,9,1.0,0.0,0.0,1.0,1.0,2028-02-01,2027-06-01,2027-05-01,2028-01-01,2028-04-01,2027-01-01,base,2028-04-01,True,True,True,0.0,0.0,36,0.82,12000,60.0,75.0,8640000,7084800.0,3.5,24796800.0,44280.0,2745360.0,4200000.0,1275264.0,8220624.0,16576176.0,0.0,0.0,0.0,0.0,0.0,0.0,0.0,16576176.0,4144044.0,12432132.0,12432132.0,12432132.0,12432132.0,0.0,0.0,0.0,0.0,495936.0,11936196.0,,145748718.0,0.0,,11936196.0,all_equity
S01,2031-05-01,Atlas East,Virginia,60,1.25,75.0,2028-01-01,2028-04-01,0,12000,3.5,62,4200000,0.18,0.25,0.82,18,9,1.0,0.0,0.0,1.0,1.0,2028-02-01,2027-06-01,2027-05-01,2028-01-01,2028-04-01,2027-01-01,base,2028-04-01,True,True,True,0.0,0.0,37,0.82,12000,60.0,75.0,8928000,7320960.0,3.5,25623360.0,45756.0,2836872.0,4200000.0,1317772.8,8354644.8,17268715.2,0.0,0.0,0.0,0.0,0.0,0.0,0.0,17268715.2,4317178.8,12951536.399999999,12951536.399999999,12951536.399999999,12951536.399999999,0.0,0.0,0.0,0.0,512467.2,12439069.2,,145748718.0,0.0,,12439069.2,all_equity
S01,2031-06-01,Atlas East,Virginia,60,1.25,75.0,2028-01-01,2028-04-01,0,12000,3.5,62,4200000,0.18,0.25,0.82,18,9,1.0,0.0,0.0,1.0,1.0,2028-02-01,2027-06-01,2027-05-01,2028-01-01,2028-04-01,2027-01-01,base,2028-04-01,True,True,True,0.0,0.0,38,0.82,12000,60.0,75.0,8640000,7084800.0,3.5,24796800.0,44280.0,2745360.0,4200000.0,1275264.0,8220624.0,16576176.0,0.0,0.0,0.0,0.0,0.0,0.0,0.0,16576176.0,4144044.0,12432132.0,12432132.0,12432132.0,12432132.0,0.0,0.0,0.0,0.0,495936.0,11936196.0,,145748718.0,0.0,,11936196.0,all_equity
S01,2031-07-01,Atlas East,Virginia,60,1.25,75.0,2028-01-01,2028-04-01,0,12000,3.5,62,4200000,0.18,0.25,0.82,18,9,1.0,0.0,0.0,1.0,1.0,2028-02-01,2027-06-01,2027-05-01,2028-01-01,2028-04-01,2027-01-01,base,2028-04-01,True,True,True,0.0,0.0,39,0.82,12000,60.0,75.0,8928000,7320960.0,3.5,25623360.0,45756.0,2836872.0,4200000.0,1317772.8,8354644.8,17268715.2,0.0,0.0,0.0,0.0,0.0,0.0,0.0,17268715.2,4317178.8,12951536.399999999,12951536.399999999,12951536.399999999,12951536.399999999,0.0,0.0,0.0,0.0,512467.2,12439069.2,,145748718.0,0.0,,12439069.2,all_equity
S01,2031-08-01,Atlas East,Virginia,60,1.25,75.0,2028-01-01,2028-04-01,0,12000,3.5,62,4200000,0.18,0.25,0.82,18,9,1.0,0.0,0.0,1.0,1.0,2028-02-01,2027-06-01,2027-05-01,2028-01-01,2028-04-01,2027-01-01,base,2028-04-01,True,True,True,0.0,0.0,40,0.82,12000,60.0,75.0,8928000,7320960.0,3.5,25623360.0,45756.0,2836872.0,4200000.0,1317772.8,8354644.8,17268715.2,0.0,0.0,0.0,0.0,0.0,0.0,0.0,17268715.2,4317178.8,12951536.399999999,12951536.399999999,12951536.399999999,12951536.399999999,0.0,0.0,0.0,0.0,512467.2,12439069.2,,145748718.0,0.0,,12439069.2,all_equity
S01,2031-09-01,Atlas East,Virginia,60,1.25,75.0,2028-01-01,2028-04-01,0,12000,3.5,62,4200000,0.18,0.25,0.82,18,9,1.0,0.0,0.0,1.0,1.0,2028-02-01,2027-06-01,2027-05-01,2028-01-01,2028-04-01,2027-01-01,base,2028-04-01,True,True,True,0.0,0.0,41,0.82,12000,60.0,75.0,8640000,7084800.0,3.5,24796800.0,44280.0,2745360.0,4200000.0,1275264.0,8220624.0,16576176.0,0.0,0.0,0.0,0.0,0.0,0.0,0.0,16576176.0,4144044.0,12432132.0,12432132.0,12432132.0,12432132.0,0.0,0.0,0.0,0.0,495936.0,11936196.0,,145748718.0,0.0,,11936196.0,all_equity
S01,2031-10-01,Atlas East,Virginia,60,1.25,75.0,2028-01-01,2028-04-01,0,12000,3.5,62,4200000,0.18,0.25,0.82,18,9,1.0,0.0,0.0,1.0,1.0,2028-02-01,2027-06-01,2027-05-01,2028-01-01,2028-04-01,2027-01-01,base,2028-04-01,True,True,True,0.0,0.0,42,0.82,12000,60.0,75.0,8928000,7320960.0,3.5,25623360.0,45756.0,2836872.0,4200000.0,1317772.8,8354644.8,17268715.2,0.0,0.0,0.0,0.0,0.0,0.0,0.0,17268715.2,4317178.8,12951536.399999999,12951536.399999999,12951536.399999999,12951536.399999999,0.0,0.0,0.0,0.0,512467.2,12439069.2,,145748718.0,0.0,,12439069.2,all_equity
S01,2031-11-01,Atlas East,Virginia,60,1.25,75.0,2028-01-01,2028-04-01,0,12000,3.5,62,4200000,0.18,0.25,0.82,18,9,1.0,0.0,0.0,1.0,1.0,2028-02-01,2027-06-01,2027-05-01,2028-01-01,2028-04-01,2027-01-01,base,2028-04-01,True,True,True,0.0,0.0,43,0.82,12000,60.0,75.0,8640000,7084800.0,3.5,24796800.0,44280.0,2745360.0,4200000.0,1275264.0,8220624.0,16576176.0,0.0,0.0,0.0,0.0,0.0,0.0,0.0,16576176.0,4144044.0,12432132.0,12432132.0,12432132.0,12432132.0,0.0,0.0,0.0,0.0,495936.0,11936196.0,,145748718.0,0.0,,11936196.0,all_equity
S01,2031-12-01,Atlas East,Virginia,60,1.25,75.0,2028-01-01,2028-04-01,0,12000,3.5,62,4200000,0.18,0.25,0.82,18,9,1.0,0.0,0.0,1.0,1.0,2028-02-01,2027-06-01,2027-05-01,2028-01-01,2028-04-01,2027-01-01,base,2028-04-01,True,True,True,0.0,0.0,44,0.82,12000,60.0,75.0,8928000,7320960.0,3.5,25623360.0,45756.0,2836872.0,4200000.0,1317772.8,8354644.8,17268715.2,0.0,0.0,0.0,0.0,0.0,0.0,0.0,17268715.2,4317178.8,12951536.399999999,12951536.399999999,12951536.399999999,12951536.399999999,0.0,0.0,0.0,0.0,512467.2,12439069.2,,145748718.0,0.0,,12439069.2,all_equity
S02,2027-01-01,Atlas Central,Texas,90,1.22,109.8,2028-07-01,2028-10-01,0,18000,3.4,48,5900000,0.17,0.22,0.85,20,12,1.0,0.0,0.0,1.0,1.0,2028-08-01,2027-10-01,2027-09-01,2028-07-01,2028-10-01,2027-04-01,base,2028-10-01,False,False,False,0.0,0.0,-21,0.0,0,0.0,0.0,0,0.0,3.4,0.0,0.0,0.0,0.0,0.0,0.0,0.0,0.0,0.0,0.0,0.0,0.0,0.0,0.0,0.0,0.0,0.0,0.0,0.0,0.0,0.0,0.0,0.0,0.0,0.0,0.0,,,,,0.0,all_equity
S02,2027-02-01,Atlas Central,Texas,90,1.22,109.8,2028-07-01,2028-10-01,0,18000,3.4,48,5900000,0.17,0.22,0.85,20,12,1.0,0.0,0.0,1.0,1.0,2028-08-01,2027-10-01,2027-09-01,2028-07-01,2028-10-01,2027-04-01,base,2028-10-01,False,False,False,0.0,0.0,-20,0.0,0,0.0,0.0,0,0.0,3.4,0.0,0.0,0.0,0.0,0.0,0.0,0.0,0.0,0.0,0.0,0.0,0.0,0.0,0.0,0.0,0.0,0.0,0.0,0.0,0.0,0.0,0.0,0.0,0.0,0.0,0.0,,,,,0.0,all_equity
S02,2027-03-01,Atlas Central,Texas,90,1.22,109.8,2028-07-01,2028-10-01,0,18000,3.4,48,5900000,0.17,0.22,0.85,20,12,1.0,0.0,0.0,1.0,1.0,2028-08-01,2027-10-01,2027-09-01,2028-07-01,2028-10-01,2027-04-01,base,2028-10-01,False,False,False,0.0,0.0,-19,0.0,0,0.0,0.0,0,0.0,3.4,0.0,0.0,0.0,0.0,0.0,0.0,0.0,0.0,0.0,0.0,0.0,0.0,0.0,0.0,0.0,0.0,0.0,0.0,0.0,0.0,0.0,0.0,0.0,0.0,0.0,0.0,,,,,0.0,all_equity
S02,2027-04-01,Atlas Central,Texas,90,1.22,109.8,2028-07-01,2028-10-01,0,18000,3.4,48,5900000,0.17,0.22,0.85,20,12,1.0,0.0,0.0,1.0,1.0,2028-08-01,2027-10-01,2027-09-01,2028-07-01,2028-10-01,2027-04-01,base,2028-10-01,False,False,False,3316390.6445284584,0.0,-18,0.0,0,0.0,0.0,0,0.0,3.4,0.0,0.0,0.0,0.0,0.0,0.0,0.0,3316390.6445284584,0.0,0.0,0.0,0.0,0.0,0.0,0.0,0.0,0.0,-3316390.6445284584,-3316390.6445284584,0.0,0.0,0.0,0.0,3316390.6445284584,0.0,0.0,,,,,-3316390.6445284584,all_equity
S02,2027-05-01,Atlas Central,Texas,90,1.22,109.8,2028-07-01,2028-10-01,0,18000,3.4,48,5900000,0.17,0.22,0.85,20,12,1.0,0.0,0.0,1.0,1.0,2028-08-01,2027-10-01,2027-09-01,2028-07-01,2028-10-01,2027-04-01,base,2028-10-01,False,False,False,17457676.017581023,0.0,-17,0.0,0,0.0,0.0,0,0.0,3.4,0.0,0.0,0.0,0.0,0.0,0.0,0.0,17457676.017581023,0.0,0.0,0.0,0.0,0.0,0.0,0.0,0.0,0.0,-17457676.017581023,-17457676.017581023,0.0,0.0,0.0,0.0,17457676.017581023,0.0,0.0,,,,,-17457676.017581023,all_equity
S02,2027-06-01,Atlas Central,Texas,90,1.22,109.8,2028-07-01,2028-10-01,0,18000,3.4,48,5900000,0.17,0.22,0.85,20,12,1.0,0.0,0.0,1.0,1.0,2028-08-01,2027-10-01,2027-09-01,2028-07-01,2028-10-01,2027-04-01,base,2028-10-01,False,False,False,23670974.224067587,0.0,-16,0.0,0,0.0,0.0,0,0.0,3.4,0.0,0.0,0.0,0.0,0.0,0.0,0.0,23670974.224067587,0.0,0.0,0.0,0.0,0.0,0.0,0.0,0.0,0.0,-23670974.224067587,-23670974.224067587,0.0,0.0,0.0,0.0,23670974.224067587,0.0,0.0,,,,,-23670974.224067587,all_equity
S02,2027-07-01,Atlas Central,Texas,90,1.22,109.8,2028-07-01,2028-10-01,0,18000,3.4,48,5900000,0.17,0.22,0.85,20,12,1.0,0.0,0.0,1.0,1.0,2028-08-01,2027-10-01,2027-09-01,2028-07-01,2028-10-01,2027-04-01,base,2028-10-01,False,False,False,18639894.619459696,0.0,-15,0.0,0,0.0,0.0,0,0.0,3.4,0.0,0.0,0.0,0.0,0.0,0.0,0.0,18639894.619459696,0.0,0.0,0.0,0.0,0.0,0.0,0.0,0.0,0.0,-18639894.619459696,-18639894.619459696,0.0,0.0,0.0,0.0,18639894.619459696,0.0,0.0,,,,,-18639894.619459696,all_equity
S02,2027-08-01,Atlas Central,Texas,90,1.22,109.8,2028-07-01,2028-10-01,0,18000,3.4,48,5900000,0.17,0.22,0.85,20,12,1.0,0.0,0.0,1.0,1.0,2028-08-01,2027-10-01,2027-09-01,2028-07-01,2028-10-01,2027-04-01,base,2028-10-01,False,False,False,13608815.014851812,0.0,-14,0.0,0,0.0,0.0,0,0.0,3.4,0.0,0.0,0.0,0.0,0.0,0.0,0.0,13608815.014851812,0.0,0.0,0.0,0.0,0.0,0.0,0.0,0.0,0.0,-13608815.014851812,-13608815.014851812,0.0,0.0,0.0,0.0,13608815.014851812,0.0,0.0,,,,,-13608815.014851812,all_equity
S02,2027-09-01,Atlas Central,Texas,90,1.22,109.8,2028-07-01,2028-10-01,0,18000,3.4,48,5900000,0.17,0.22,0.85,20,12,1.0,0.0,0.0,1.0,1.0,2028-08-01,2027-10-01,2027-09-01,2028-07-01,2028-10-01,2027-04-01,base,2028-10-01,False,False,False,10466790.882507797,0.0,-13,0.0,0,0.0,0.0,0,0.0,3.4,0.0,0.0,0.0,0.0,0.0,0.0,0.0,10466790.882507797,0.0,0.0,0.0,0.0,0.0,0.0,0.0,0.0,0.0,-10466790.882507797,-10466790.882507797,0.0,0.0,0.0,0.0,10466790.882507797,0.0,0.0,,,,,-10466790.882507797,all_equity
S02,2027-10-01,Atlas Central,Texas,90,1.22,109.8,2028-07-01,2028-10-01,0,18000,3.4,48,5900000,0.17,0.22,0.85,20,12,1.0,0.0,0.0,1.0,1.0,2028-08-01,2027-10-01,2027-09-01,2028-07-01,2028-10-01,2027-04-01,base,2028-10-01,False,False,False,26140636.091857504,0.0,-12,0.0,0,0.0,0.0,0,0.0,3.4,0.0,0.0,0.0,0.0,0.0,0.0,0.0,26140636.091857504,0.0,0.0,0.0,0.0,0.0,0.0,0.0,0.0,0.0,-26140636.091857504,-26140636.091857504,0.0,0.0,0.0,0.0,26140636.091857504,0.0,0.0,,,,,-26140636.091857504,all_equity
S02,2027-11-01,Atlas Central,Texas,90,1.22,109.8,2028-07-01,2028-10-01,0,18000,3.4,48,5900000,0.17,0.22,0.85,20,12,1.0,0.0,0.0,1.0,1.0,2028-08-01,2027-10-01,2027-09-01,2028-07-01,2028-10-01,2027-04-01,base,2028-10-01,False,False,False,44831892.07470498,0.0,-11,0.0,0,0.0,0.0,0,0.0,3.4,0.0,0.0,0.0,0.0,0.0,0.0,0.0,44831892.07470498,0.0,0.0,0.0,0.0,0.0,0.0,0.0,0.0,0.0,-44831892.07470498,-44831892.07470498,0.0,0.0,0.0,0.0,44831892.07470498,0.0,0.0,,,,,-44831892.07470498,all_equity
S02,2027-12-01,Atlas Central,Texas,90,1.22,109.8,2028-07-01,2028-10-01,0,18000,3.4,48,5900000,0.17,0.22,0.85,20,12,1.0,0.0,0.0,1.0,1.0,2028-08-01,2027-10-01,2027-09-01,2028-07-01,2028-10-01,2027-04-01,base,2028-10-01,False,False,False,79370501.65711725,0.0,-10,0.0,0,0.0,0.0,0,0.0,3.4,0.0,0.0,0.0,0.0,0.0,0.0,0.0,79370501.65711725,0.0,0.0,0.0,0.0,0.0,0.0,0.0,0.0,0.0,-79370501.65711725,-79370501.65711725,0.0,0.0,0.0,0.0,79370501.65711725,0.0,0.0,,0.0,0.0,,-79370501.65711725,all_equity
S02,2028-01-01,Atlas Central,Texas,90,1.22,109.8,2028-07-01,2028-10-01,0,18000,3.4,48,5900000,0.17,0.22,0.85,20,12,1.0,0.0,0.0,1.0,1.0,2028-08-01,2027-10-01,2027-09-01,2028-07-01,2028-10-01,2027-04-01,base,2028-10-01,False,False,False,113909111.23952954,0.0,-9,0.0,0,0.0,0.0,0,0.0,3.4,0.0,0.0,0.0,0.0,0.0,0.0,0.0,113909111.23952954,0.0,0.0,0.0,0.0,0.0,0.0,0.0,0.0,0.0,-113909111.23952954,-113909111.23952954,0.0,0.0,0.0,0.0,113909111.23952954,0.0,0.0,,0.0,0.0,,-113909111.23952954,all_equity
S02,2028-02-01,Atlas Central,Texas,90,1.22,109.8,2028-07-01,2028-10-01,0,18000,3.4,48,5900000,0.17,0.22,0.85,20,12,1.0,0.0,0.0,1.0,1.0,2028-08-01,2027-10-01,2027-09-01,2028-07-01,2028-10-01,2027-04-01,base,2028-10-01,False,False,False,148447720.8219418,0.0,-8,0.0,0,0.0,0.0,0,0.0,3.4,0.0,0.0,0.0,0.0,0.0,0.0,0.0,148447720.8219418,0.0,0.0,0.0,0.0,0.0,0.0,0.0,0.0,0.0,-148447720.8219418,-148447720.8219418,0.0,0.0,0.0,0.0,148447720.8219418,0.0,0.0,,0.0,0.0,,-148447720.8219418,all_equity
S02,2028-03-01,Atlas Central,Texas,90,1.22,109.8,2028-07-01,2028-10-01,0,18000,3.4,48,5900000,0.17,0.22,0.85,20,12,1.0,0.0,0.0,1.0,1.0,2028-08-01,2027-10-01,2027-09-01,2028-07-01,2028-10-01,2027-04-01,base,2028-10-01,False,False,False,178597012.8035557,0.0,-7,0.0,0,0.0,0.0,0,0.0,3.4,0.0,0.0,0.0,0.0,0.0,0.0,0.0,178597012.8035557,0.0,0.0,0.0,0.0,0.0,0.0,0.0,0.0,0.0,-178597012.8035557,-178597012.8035557,0.0,0.0,0.0,0.0,178597012.8035557,0.0,0.0,,0.0,0.0,,-178597012.8035557,all_equity
S02,2028-04-01,Atlas Central,Texas,90,1.22,109.8,2028-07-01,2028-10-01,0,18000,3.4,48,5900000,0.17,0.22,0.85,20,12,1.0,0.0,0.0,1.0,1.0,2028-08-01,2027-10-01,2027-09-01,2028-07-01,2028-10-01,2027-04-01,base,2028-10-01,False,False,False,179266464.37724733,0.0,-6,0.0,0,0.0,0.0,0,0.0,3.4,0.0,0.0,0.0,0.0,0.0,0.0,0.0,179266464.37724733,0.0,0.0,0.0,0.0,0.0,0.0,0.0,0.0,0.0,-179266464.37724733,-179266464.37724733,0.0,0.0,0.0,0.0,179266464.37724733,0.0,0.0,,0.0,0.0,,-179266464.37724733,all_equity
S02,2028-05-01,Atlas Central,Texas,90,1.22,109.8,2028-07-01,2028-10-01,0,18000,3.4,48,5900000,0.17,0.22,0.85,20,12,1.0,0.0,0.0,1.0,1.0,2028-08-01,2027-10-01,2027-09-01,2028-07-01,2028-10-01,2027-04-01,base,2028-10-01,False,False,False,160148271.16329423,0.0,-5,0.0,0,0.0,0.0,0,0.0,3.4,0.0,0.0,0.0,0.0,0.0,0.0,0.0,160148271.16329423,0.0,0.0,0.0,0.0,0.0,0.0,0.0,0.0,0.0,-160148271.16329423,-160148271.16329423,0.0,0.0,0.0,0.0,160148271.16329423,0.0,0.0,,0.0,0.0,,-160148271.16329423,all_equity
S02,2028-06-01,Atlas Central,Texas,90,1.22,109.8,2028-07-01,2028-10-01,0,18000,3.4,48,5900000,0.17,0.22,0.85,20,12,1.0,0.0,0.0,1.0,1.0,2028-08-01,2027-10-01,2027-09-01,2028-07-01,2028-10-01,2027-04-01,base,2028-10-01,False,False,False,81667143.58640671,0.0,-4,0.0,0,0.0,0.0,0,0.0,3.4,0.0,0.0,0.0,0.0,0.0,0.0,0.0,81667143.58640671,0.0,0.0,0.0,0.0,0.0,0.0,0.0,0.0,0.0,-81667143.58640671,-81667143.58640671,0.0,0.0,0.0,0.0,81667143.58640671,0.0,0.0,,0.0,0.0,,-81667143.58640671,all_equity
S02,2028-07-01,Atlas Central,Texas,90,1.22,109.8,2028-07-01,2028-10-01,0,18000,3.4,48,5900000,0.17,0.22,0.85,20,12,1.0,0.0,0.0,1.0,1.0,2028-08-01,2027-10-01,2027-09-01,2028-07-01,2028-10-01,2027-04-01,base,2028-10-01,True,False,False,117792362.41483936,36258992.80575539,-3,0.0,0,0.0,0.0,0,0.0,3.4,0.0,0.0,0.0,0.0,0.0,0.0,0.0,117792362.41483936,0.0,0.0,0.0,0.0,0.0,0.0,0.0,0.0,0.0,-117792362.41483936,-117792362.41483936,0.0,0.0,0.0,0.0,117792362.41483936,0.0,0.0,,0.0,0.0,,-117792362.41483936,all_equity
S02,2028-08-01,Atlas Central,Texas,90,1.22,109.8,2028-07-01,2028-10-01,0,18000,3.4,48,5900000,0.17,0.22,0.85,20,12,1.0,0.0,0.0,1.0,1.0,2028-08-01,2027-10-01,2027-09-01,2028-07-01,2028-10-01,2027-04-01,base,2028-10-01,True,True,False,279754673.3017609,215827338.12949637,-2,0.0,0,0.0,0.0,0,0.0,3.4,0.0,0.0,0.0,0.0,0.0,0.0,0.0,279754673.3017609,0.0,0.0,0.0,0.0,0.0,0.0,0.0,0.0,0.0,-279754673.3017609,-279754673.3017609,0.0,0.0,0.0,0.0,279754673.3017609,0.0,0.0,,0.0,0.0,,-279754673.3017609,all_equity
S02,2028-09-01,Atlas Central,Texas,90,1.22,109.8,2028-07-01,2028-10-01,0,18000,3.4,48,5900000,0.17,0.22,0.85,20,12,1.0,0.0,0.0,1.0,1.0,2028-08-01,2027-10-01,2027-09-01,2028-07-01,2028-10-01,2027-04-01,base,2028-10-01,True,True,False,431654676.25899273,431654676.25899273,-1,0.0,0,0.0,0.0,0,0.0,3.4,0.0,0.0,0.0,0.0,0.0,0.0,0.0,431654676.25899273,0.0,0.0,0.0,0.0,0.0,0.0,0.0,0.0,0.0,-431654676.25899273,-431654676.25899273,0.0,0.0,0.0,0.0,431654676.25899273,0.0,0.0,,0.0,0.0,,-431654676.25899273,all_equity
S02,2028-10-01,Atlas Central,Texas,90,1.22,109.8,2028-07-01,2028-10-01,0,18000,3.4,48,5900000,0.17,0.22,0.85,20,12,1.0,0.0,0.0,1.0,1.0,2028-08-01,2027-10-01,2027-09-01,2028-07-01,2028-10-01,2027-04-01,base,2028-10-01,True,True,True,36258992.80575539,36258992.80575539,0,0.22,1500,7.5,9.15,1116000,245520.0,3.4,834768.0,1497.672,71888.256,5900000.0,41738.4,6013626.656,-5178858.656,36258992.80575539,0.0,0.0,0.0,0.0,0.0,0.0,0.0,0.0,-5178858.656,-41437851.461755395,-41437851.461755395,-5178858.656000003,0.0,0.0,0.0,36258992.80575539,16695.36,-5195554.016000001,,-5195554.016000001,0.0,,-41454546.821755394,all_equity
S02,2028-11-01,Atlas Central,Texas,90,1.22,109.8,2028-07-01,2028-10-01,0,18000,3.4,48,5900000,0.17,0.22,0.85,20,12,1.0,0.0,0.0,1.0,1.0,2028-08-01,2027-10-01,2027-09-01,2028-07-01,2028-10-01,2027-04-01,base,2028-10-01,True,True,True,0.0,0.0,1,0.2515,3000,15.0,18.3,2160000,543240.0,3.4,1847016.0,3313.764,159060.67200000002,5900000.0,92350.8,6151411.472,-4304395.472,0.0,0.0,0.0,0.0,0.0,0.0,0.0,0.0,0.0,-4304395.472,-4304395.472,-4304395.472,-4304395.472,0.0,0.0,0.0,0.0,36940.32,-4341335.792,,-9536889.808000002,0.0,,-4341335.792,all_equity
S02,2028-12-01,Atlas Central,Texas,90,1.22,109.8,2028-07-01,2028-10-01,0,18000,3.4,48,5900000,0.17,0.22,0.85,20,12,1.0,0.0,0.0,1.0,1.0,2028-08-01,2027-10-01,2027-09-01,2028-07-01,2028-10-01,2027-04-01,base,2028-10-01,True,True,True,0.0,0.0,2,0.28300000000000003,4500,22.5,27.45,3348000,947484.0000000001,3.4,3221445.6,5779.6524,277423.3152,5900000.0,161072.28000000003,6338495.5952,-3117049.9952000002,0.0,0.0,0.0,0.0,0.0,0.0,0.0,0.0,0.0,-3117049.9952000002,-3117049.9952000002,-3117049.9952000002,-3117049.9952000002,0.0,0.0,0.0,0.0,64428.912000000004,-3181478.9072000002,,-12718368.715200001,0.0,,-3181478.9072000002,all_equity
S02,2029-01-01,Atlas Central,Texas,90,1.22,109.8,2028-07-01,2028-10-01,0,18000,3.4,48,5900000,0.17,0.22,0.85,20,12,1.0,0.0,0.0,1.0,1.0,2028-08-01,2027-10-01,2027-09-01,2028-07-01,2028-10-01,2027-04-01,base,2028-10-01,True,True,True,0.0,0.0,3,0.3145,6000,30.0,36.6,4464000,1403928.0,3.4,4773355.2,8563.9608,411070.11840000004,5900000.0,238667.76,6549737.8784,-1776382.6783999996,0.0,0.0,0.0,0.0,0.0,0.0,0.0,0.0,0.0,-1776382.6783999996,-1776382.6783999996,-1776382.6783999996,-1776382.6783999996,0.0,0.0,0.0,0.0,95467.104,-1871849.7823999997,,-14590218.4976,0.0,,-1871849.7823999997,all_equity
S02,2029-02-01,Atlas Central,Texas,90,1.22,109.8,2028-07-01,2028-10-01,0,18000,3.4,48,5900000,0.17,0.22,0.85,20,12,1.0,0.0,0.0,1.0,1.0,2028-08-01,2027-10-01,2027-09-01,2028-07-01,2028-10-01,2027-04-01,base,2028-10-01,True,True,True,0.0,0.0,4,0.346,7500,37.5,45.75,5040000,1743839.9999999998,3.4,5929055.999999999,10637.423999999999,510596.35199999996,5900000.0,296452.8,6707049.152,-777993.1520000007,0.0,0.0,0.0,0.0,0.0,0.0,0.0,0.0,0.0,-777993.1520000007,-777993.1520000007,-777993.1520000007,-777993.1520000007,0.0,0.0,0.0,0.0,118581.11999999998,-896574.2720000007,,-15486792.769600002,0.0,,-896574.2720000007,all_equity
S02,2029-03-01,Atlas Central,Texas,90,1.22,109.8,2028-07-01,2028-10-01,0,18000,3.4,48,5900000,0.17,0.22,0.85,20,12,1.0,0.0,0.0,1.0,1.0,2028-08-01,2027-10-01,2027-09-01,2028-07-01,2028-10-01,2027-04-01,base,2028-10-01,True,True,True,0.0,0.0,5,0.3775,9000,45.0,54.9,6696000,2527740.0,3.4,8594316.0,15419.214,740122.272,5900000.0,429715.80000000005,7069838.072,1524477.9280000003,0.0,0.0,0.0,0.0,0.0,0.0,0.0,1524477.9280000003,381119.4820000001,1143358.4460000002,1143358.4460000002,1143358.4460000002,1143358.4460000002,0.0,0.0,0.0,0.0,171886.32,971472.1260000002,,-14515320.643600002,0.0,,971472.1260000002,all_equity
S02,2029-04-01,Atlas Central,Texas,90,1.22,109.8,2028-07-01,2028-10-01,0,18000,3.4,48,5900000,0.17,0.22,0.85,20,12,1.0,0.0,0.0,1.0,1.0,2028-08-01,2027-10-01,2027-09-01,2028-07-01,2028-10-01,2027-04-01,base,2028-10-01,True,True,True,0.0,0.0,6,0.40900000000000003,10500,52.5,64.05,7560000,3092040.0,3.4,10512936.0,18861.444000000003,905349.3120000002,5900000.0,525646.8,7330996.112,3181939.8880000003,0.0,0.0,0.0,0.0,0.0,0.0,0.0,3181939.8880000003,795484.9720000001,2386454.916,2386454.916,2386454.916,2386454.916,0.0,0.0,0.0,0.0,210258.72,2176196.196,,-12339124.447600001,0.0,,2176196.196,all_equity
S02,2029-05-01,Atlas Central,Texas,90,1.22,109.8,2028-07-01,2028-10-01,0,18000,3.4,48,5900000,0.17,0.22,0.85,20,12,1.0,0.0,0.0,1.0,1.0,2028-08-01,2027-10-01,2027-09-01,2028-07-01,2028-10-01,2027-04-01,base,2028-10-01,True,True,True,0.0,0.0,7,0.4405,12000,60.0,73.2,8928000,3932784.0,3.4,13371465.6,23989.9824,1151519.1552,5900000.0,668573.28,7720092.4352,5651373.164799999,0.0,0.0,0.0,0.0,0.0,0.0,0.0,5651373.164799999,1412843.2911999999,4238529.8736,4238529.8736,4238529.8736,4238529.8736,0.0,0.0,0.0,0.0,267429.312,3971100.5615999997,,-8368023.886000002,0.0,,3971100.5615999997,all_equity
S02,2029-06-01,Atlas Central,Texas,90,1.22,109.8,2028-07-01,2028-10-01,0,18000,3.4,48,5900000,0.17,0.22,0.85,20,12,1.0,0.0,0.0,1.0,1.0,2028-08-01,2027-10-01,2027-09-01,2028-07-01,2028-10-01,2027-04-01,base,2028-10-01,True,True,True,0.0,0.0,8,0.472,13500,67.5,82.35,9720000,4587840.0,3.4,15598656.0,27985.823999999997,1343319.552,5900000.0,779932.8,8023252.352,7575403.648,0.0,0.0,0.0,0.0,0.0,0.0,0.0,7575403.648,1893850.912,5681552.736,5681552.736,5681552.736,5681552.736,0.0,0.0,0.0,0.0,311973.12,5369579.615999999,,-2998444.2700000023,0.0,,5369579.615999999,all_equity
S02,2029-07-01,Atlas Central,Texas,90,1.22,109.8,2028-07-01,2028-10-01,0,18000,3.4,48,5900000,0.17,0.22,0.85,20,12,1.0,0.0,0.0,1.0,1.0,2028-08-01,2027-10-01,2027-09-01,2028-07-01,2028-10-01,2027-04-01,base,2028-10-01,True,True,True,0.0,0.0,9,0.5035000000000001,15000,75.0,91.5,11160000,5619060.000000001,3.4,19104804.000000004,34276.266,1645260.7680000002,5900000.0,955240.2000000002,8500500.968,10604303.032000003,0.0,0.0,0.0,0.0,0.0,0.0,0.0,10604303.032000003,2651075.758000001,7953227.274000002,7953227.274000002,7953227.274000002,7953227.274000002,0.0,0.0,0.0,0.0,382096.0800000001,7571131.194000002,,4572686.924,0.0,,7571131.194000002,all_equity
S02,2029-08-01,Atlas Central,Texas,90,1.22,109.8,2028-07-01,2028-10-01,0,18000,3.4,48,5900000,0.17,0.22,0.85,20,12,1.0,0.0,0.0,1.0,1.0,2028-08-01,2027-10-01,2027-09-01,2028-07-01,2028-10-01,2027-04-01,base,2028-10-01,True,True,True,0.0,0.0,10,0.535,16500,82.5,100.64999999999999,12276000,6567660.0,3.4,22330044.0,40062.725999999995,1923010.8479999998,5900000.0,1116502.2000000002,8939513.048,13390530.952,0.0,0.0,0.0,0.0,0.0,0.0,0.0,13390530.952,3347632.738,10042898.214,10042898.214,10042898.214,10042898.214,0.0,0.0,0.0,0.0,446600.88,9596297.333999999,,14168984.257999998,0.0,,9596297.333999999,all_equity
S02,2029-09-01,Atlas Central,Texas,90,1.22,109.8,2028-07-01,2028-10-01,0,18000,3.4,48,5900000,0.17,0.22,0.85,20,12,1.0,0.0,0.0,1.0,1.0,2028-08-01,2027-10-01,2027-09-01,2028-07-01,2028-10-01,2027-04-01,base,2028-10-01,True,True,True,0.0,0.0,11,0.5665,18000,90.0,109.8,12960000,7341840.0,3.4,24962256.0,44785.224,2149690.7520000003,5900000.0,1248112.8,9297803.552000001,15664452.447999999,0.0,0.0,0.0,0.0,0.0,0.0,0.0,15664452.447999999,3916113.1119999997,11748339.336,11748339.336,11748339.336,11748339.336,0.0,0.0,0.0,0.0,499245.12,11249094.216,,25418078.474,0.0,,11249094.216,all_equity
S02,2029-10-01,Atlas Central,Texas,90,1.22,109.8,2028-07-01,2028-10-01,0,18000,3.4,48,5900000,0.17,0.22,0.85,20,12,1.0,0.0,0.0,1.0,1.0,2028-08-01,2027-10-01,2027-09-01,2028-07-01,2028-10-01,2027-04-01,base,2028-10-01,True,True,True,0.0,0.0,12,0.598,18000,90.0,109.8,13392000,8008416.0,3.4,27228614.4,48851.3376,2344864.2048,5900000.0,1361430.7200000002,9606294.924800001,17622319.475199997,0.0,0.0,0.0,0.0,0.0,0.0,0.0,17622319.475199997,4405579.868799999,13216739.606399998,13216739.606399998,13216739.606399998,13216739.606399998,0.0,0.0,0.0,0.0,544572.288,12672167.318399997,,43285799.8084,0.0,,12672167.318399997,all_equity
S02,2029-11-01,Atlas Central,Texas,90,1.22,109.8,2028-07-01,2028-10-01,0,18000,3.4,48,5900000,0.17,0.22,0.85,20,12,1.0,0.0,0.0,1.0,1.0,2028-08-01,2027-10-01,2027-09-01,2028-07-01,2028-10-01,2027-04-01,base,2028-10-01,True,True,True,0.0,0.0,13,0.6295000000000001,18000,90.0,109.8,12960000,8158320.000000001,3.4,27738288.000000004,49765.75200000001,2388756.0960000004,5900000.0,1386914.4000000004,9675670.496000001,18062617.504,0.0,0.0,0.0,0.0,0.0,0.0,0.0,18062617.504,4515654.376,13546963.128,13546963.128,13546963.128,13546963.128,0.0,0.0,0.0,0.0,554765.7600000001,12992197.368,,60619332.968399994,0.0,,12992197.368,all_equity
S02,2029-12-01,Atlas Central,Texas,90,1.22,109.8,2028-07-01,2028-10-01,0,18000,3.4,48,5900000,0.17,0.22,0.85,20,12,1.0,0.0,0.0,1.0,1.0,2028-08-01,2027-10-01,2027-09-01,2028-07-01,2028-10-01,2027-04-01,base,2028-10-01,True,True,True,0.0,0.0,14,0.6609999999999999,18000,90.0,109.8,13392000,8852111.999999998,3.4,30097180.799999993,53997.88319999999,2591898.3935999996,5900000.0,1504859.0399999998,9996757.4336,20100423.366399996,0.0,0.0,0.0,0.0,0.0,0.0,0.0,20100423.366399996,5025105.841599999,15075317.524799997,15075317.524799997,15075317.524799997,15075317.524799997,0.0,0.0,0.0,0.0,601943.6159999999,14473373.908799997,,78274185.78439999,0.0,,14473373.908799997,all_equity
S02,2030-01-01,Atlas Central,Texas,90,1.22,109.8,2028-07-01,2028-10-01,0,18000,3.4,48,5900000,0.17,0.22,0.85,20,12,1.0,0.0,0.0,1.0,1.0,2028-08-01,2027-10-01,2027-09-01,2028-07-01,2028-10-01,2027-04-01,base,2028-10-01,True,True,True,0.0,0.0,15,0.6925,18000,90.0,109.8,13392000,9273960.0,3.4,31531464.0,56571.155999999995,2715415.488,5900000.0,1576573.2000000002,10191988.688000001,21339475.312,0.0,0.0,0.0,0.0,0.0,0.0,0.0,21339475.312,5334868.828,16004606.484,16004606.484,16004606.484,16004606.484,0.0,0.0,0.0,0.0,630629.28,15373977.204,,95520012.7708,0.0,,15373977.204,all_equity
S02,2030-02-01,Atlas Central,Texas,90,1.22,109.8,2028-07-01,2028-10-01,0,18000,3.4,48,5900000,0.17,0.22,0.85,20,12,1.0,0.0,0.0,1.0,1.0,2028-08-01,2027-10-01,2027-09-01,2028-07-01,2028-10-01,2027-04-01,base,2028-10-01,True,True,True,0.0,0.0,16,0.724,18000,90.0,109.8,12096000,8757504.0,3.4,29775513.599999998,53420.774399999995,2564197.1711999997,5900000.0,1488775.6800000002,9952972.8512,19822540.7488,0.0,0.0,0.0,0.0,0.0,0.0,0.0,19822540.7488,4955635.1872,14866905.5616,14866905.5616,14866905.5616,14866905.5616,0.0,0.0,0.0,0.0,595510.272,14271395.2896,,110687982.3324,0.0,,14271395.2896,all_equity
S02,2030-03-01,Atlas Central,Texas,90,1.22,109.8,2028-07-01,2028-10-01,0,18000,3.4,48,5900000,0.17,0.22,0.85,20,12,1.0,0.0,0.0,1.0,1.0,2028-08-01,2027-10-01,2027-09-01,2028-07-01,2028-10-01,2027-04-01,base,2028-10-01,True,True,True,0.0,0.0,17,0.7555,18000,90.0,109.8,13392000,10117656.0,3.4,34400030.4,61717.70159999999,2962449.6767999995,5900000.0,1720001.52,10582451.1968,23817579.203199998,0.0,0.0,0.0,0.0,0.0,0.0,0.0,23817579.203199998,5954394.800799999,17863184.4024,17863184.4024,17863184.4024,17863184.4024,0.0,0.0,0.0,0.0,688000.608,17175183.7944,,126891694.00079998,0.0,,17175183.7944,all_equity
S02,2030-04-01,Atlas Central,Texas,90,1.22,109.8,2028-07-01,2028-10-01,0,18000,3.4,48,5900000,0.17,0.22,0.85,20,12,1.0,0.0,0.0,1.0,1.0,2028-08-01,2027-10-01,2027-09-01,2028-07-01,2028-10-01,2027-04-01,base,2028-10-01,True,True,True,0.0,0.0,18,0.787,18000,90.0,109.8,12960000,10199520.0,3.4,34678368.0,62217.072,2986419.4560000002,5900000.0,1733918.4000000001,10620337.856,24058030.144,0.0,0.0,0.0,0.0,0.0,0.0,0.0,24058030.144,6014507.536,18043522.608000003,18043522.608000003,18043522.608000003,18043522.608000003,0.0,0.0,0.0,0.0,693567.36,17349955.248000003,,142065453.0528,0.0,,17349955.248000003,all_equity
S02,2030-05-01,Atlas Central,Texas,90,1.22,109.8,2028-07-01,2028-10-01,0,18000,3.4,48,5900000,0.17,0.22,0.85,20,12,1.0,0.0,0.0,1.0,1.0,2028-08-01,2027-10-01,2027-09-01,2028-07-01,2028-10-01,2027-04-01,base,2028-10-01,True,True,True,0.0,0.0,19,0.8184999999999999,18000,90.0,109.8,13392000,10961351.999999998,3.4,37268596.79999999,66864.24719999998,3209483.865599999,5900000.0,1863429.8399999999,10972913.705599999,26295683.09439999,0.0,0.0,0.0,0.0,0.0,0.0,0.0,26295683.09439999,6573920.773599997,19721762.32079999,19721762.32079999,19721762.32079999,19721762.32079999,0.0,0.0,0.0,0.0,745371.9359999998,18976390.38479999,,157070742.876,0.0,,18976390.38479999,all_equity
S02,2030-06-01,Atlas Central,Texas,90,1.22,109.8,2028-07-01,2028-10-01,0,18000,3.4,48,5900000,0.17,0.22,0.85,20,12,1.0,0.0,0.0,1.0,1.0,2028-08-01,2027-10-01,2027-09-01,2028-07-01,2028-10-01,2027-04-01,base,2028-10-01,True,True,True,0.0,0.0,20,0.85,18000,90.0,109.8,12960000,11016000.0,3.4,37454400.0,67197.59999999999,3225484.8,5900000.0,1872720.0000000002,10998204.8,26456195.2,0.0,0.0,0.0,0.0,0.0,0.0,0.0,26456195.2,6614048.8,19842146.4,19842146.4,19842146.4,19842146.4,0.0,0.0,0.0,0.0,749088.0,19093058.4,,170794221.66,0.0,,19093058.4,all_equity
S02,2030-07-01,Atlas Central,Texas,90,1.22,109.8,2028-07-01,2028-10-01,0,18000,3.4,48,5900000,0.17,0.22,0.85,20,12,1.0,0.0,0.0,1.0,1.0,2028-08-01,2027-10-01,2027-09-01,2028-07-01,2028-10-01,2027-04-01,base,2028-10-01,True,True,True,0.0,0.0,21,0.85,18000,90.0,109.8,13392000,11383200.0,3.4,38702880.0,69437.51999999999,3333000.9599999995,5900000.0,1935144.0000000002,11168144.959999999,27534735.04,0.0,0.0,0.0,0.0,0.0,0.0,0.0,27534735.04,6883683.76,20651051.28,20651051.28,20651051.28,20651051.28,0.0,0.0,0.0,0.0,774057.6,19876993.68,,183100084.14599997,0.0,,19876993.68,all_equity
S02,2030-08-01,Atlas Central,Texas,90,1.22,109.8,2028-07-01,2028-10-01,0,18000,3.4,48,5900000,0.17,0.22,0.85,20,12,1.0,0.0,0.0,1.0,1.0,2028-08-01,2027-10-01,2027-09-01,2028-07-01,2028-10-01,2027-04-01,base,2028-10-01,True,True,True,0.0,0.0,22,0.85,18000,90.0,109.8,13392000,11383200.0,3.4,38702880.0,69437.51999999999,3333000.9599999995,5900000.0,1935144.0000000002,11168144.959999999,27534735.04,0.0,0.0,0.0,0.0,0.0,0.0,0.0,27534735.04,6883683.76,20651051.28,20651051.28,20651051.28,20651051.28,0.0,0.0,0.0,0.0,774057.6,19876993.68,,193380780.49199998,0.0,,19876993.68,all_equity
S02,2030-09-01,Atlas Central,Texas,90,1.22,109.8,2028-07-01,2028-10-01,0,18000,3.4,48,5900000,0.17,0.22,0.85,20,12,1.0,0.0,0.0,1.0,1.0,2028-08-01,2027-10-01,2027-09-01,2028-07-01,2028-10-01,2027-04-01,base,2028-10-01,True,True,True,0.0,0.0,23,0.85,18000,90.0,109.8,12960000,11016000.0,3.4,37454400.0,67197.59999999999,3225484.8,5900000.0,1872720.0000000002,10998204.8,26456195.2,0.0,0.0,0.0,0.0,0.0,0.0,0.0,26456195.2,6614048.8,19842146.4,19842146.4,19842146.4,19842146.4,0.0,0.0,0.0,0.0,749088.0,19093058.4,,201224744.676,0.0,,19093058.4,all_equity
S02,2030-10-01,Atlas Central,Texas,90,1.22,109.8,2028-07-01,2028-10-01,0,18000,3.4,48,5900000,0.17,0.22,0.85,20,12,1.0,0.0,0.0,1.0,1.0,2028-08-01,2027-10-01,2027-09-01,2028-07-01,2028-10-01,2027-04-01,base,2028-10-01,True,True,True,0.0,0.0,24,0.85,18000,90.0,109.8,13392000,11383200.0,3.4,38702880.0,69437.51999999999,3333000.9599999995,5900000.0,1935144.0000000002,11168144.959999999,27534735.04,0.0,0.0,0.0,0.0,0.0,0.0,0.0,27534735.04,6883683.76,20651051.28,20651051.28,20651051.28,20651051.28,0.0,0.0,0.0,0.0,774057.6,19876993.68,,208429571.03759998,0.0,,19876993.68,all_equity
S02,2030-11-01,Atlas Central,Texas,90,1.22,109.8,2028-07-01,2028-10-01,0,18000,3.4,48,5900000,0.17,0.22,0.85,20,12,1.0,0.0,0.0,1.0,1.0,2028-08-01,2027-10-01,2027-09-01,2028-07-01,2028-10-01,2027-04-01,base,2028-10-01,True,True,True,0.0,0.0,25,0.85,18000,90.0,109.8,12960000,11016000.0,3.4,37454400.0,67197.59999999999,3225484.8,5900000.0,1872720.0000000002,10998204.8,26456195.2,0.0,0.0,0.0,0.0,0.0,0.0,0.0,26456195.2,6614048.8,19842146.4,19842146.4,19842146.4,19842146.4,0.0,0.0,0.0,0.0,749088.0,19093058.4,,214530432.0696,0.0,,19093058.4,all_equity
S02,2030-12-01,Atlas Central,Texas,90,1.22,109.8,2028-07-01,2028-10-01,0,18000,3.4,48,5900000,0.17,0.22,0.85,20,12,1.0,0.0,0.0,1.0,1.0,2028-08-01,2027-10-01,2027-09-01,2028-07-01,2028-10-01,2027-04-01,base,2028-10-01,True,True,True,0.0,0.0,26,0.85,18000,90.0,109.8,13392000,11383200.0,3.4,38702880.0,69437.51999999999,3333000.9599999995,5900000.0,1935144.0000000002,11168144.959999999,27534735.04,0.0,0.0,0.0,0.0,0.0,0.0,0.0,27534735.04,6883683.76,20651051.28,20651051.28,20651051.28,20651051.28,0.0,0.0,0.0,0.0,774057.6,19876993.68,,219934051.8408,0.0,,19876993.68,all_equity
S02,2031-01-01,Atlas Central,Texas,90,1.22,109.8,2028-07-01,2028-10-01,0,18000,3.4,48,5900000,0.17,0.22,0.85,20,12,1.0,0.0,0.0,1.0,1.0,2028-08-01,2027-10-01,2027-09-01,2028-07-01,2028-10-01,2027-04-01,base,2028-10-01,True,True,True,0.0,0.0,27,0.85,18000,90.0,109.8,13392000,11383200.0,3.4,38702880.0,69437.51999999999,3333000.9599999995,5900000.0,1935144.0000000002,11168144.959999999,27534735.04,0.0,0.0,0.0,0.0,0.0,0.0,0.0,27534735.04,6883683.76,20651051.28,20651051.28,20651051.28,20651051.28,0.0,0.0,0.0,0.0,774057.6,19876993.68,,224437068.3168,0.0,,19876993.68,all_equity
S02,2031-02-01,Atlas Central,Texas,90,1.22,109.8,2028-07-01,2028-10-01,0,18000,3.4,48,5900000,0.17,0.22,0.85,20,12,1.0,0.0,0.0,1.0,1.0,2028-08-01,2027-10-01,2027-09-01,2028-07-01,2028-10-01,2027-04-01,base,2028-10-01,True,True,True,0.0,0.0,28,0.85,18000,90.0,109.8,12096000,10281600.0,3.4,34957440.0,62717.75999999999,3010452.4799999995,5900000.0,1747872.0000000002,10658324.48,24299115.52,0.0,0.0,0.0,0.0,0.0,0.0,0.0,24299115.52,6074778.88,18224336.64,18224336.64,18224336.64,18224336.64,0.0,0.0,0.0,0.0,699148.8,17525187.84,,227690860.8672,0.0,,17525187.84,all_equity
S02,2031-03-01,Atlas Central,Texas,90,1.22,109.8,2028-07-01,2028-10-01,0,18000,3.4,48,5900000,0.17,0.22,0.85,20,12,1.0,0.0,0.0,1.0,1.0,2028-08-01,2027-10-01,2027-09-01,2028-07-01,2028-10-01,2027-04-01,base,2028-10-01,True,True,True,0.0,0.0,29,0.85,18000,90.0,109.8,13392000,11383200.0,3.4,38702880.0,69437.51999999999,3333000.9599999995,5900000.0,1935144.0000000002,11168144.959999999,27534735.04,0.0,0.0,0.0,0.0,0.0,0.0,0.0,27534735.04,6883683.76,20651051.28,20651051.28,20651051.28,20651051.28,0.0,0.0,0.0,0.0,774057.6,19876993.68,,230392670.7528,0.0,,19876993.68,all_equity
S02,2031-04-01,Atlas Central,Texas,90,1.22,109.8,2028-07-01,2028-10-01,0,18000,3.4,48,5900000,0.17,0.22,0.85,20,12,1.0,0.0,0.0,1.0,1.0,2028-08-01,2027-10-01,2027-09-01,2028-07-01,2028-10-01,2027-04-01,base,2028-10-01,True,True,True,0.0,0.0,30,0.85,18000,90.0,109.8,12960000,11016000.0,3.4,37454400.0,67197.59999999999,3225484.8,5900000.0,1872720.0000000002,10998204.8,26456195.2,0.0,0.0,0.0,0.0,0.0,0.0,0.0,26456195.2,6614048.8,19842146.4,19842146.4,19842146.4,19842146.4,0.0,0.0,0.0,0.0,749088.0,19093058.4,,232135773.90479997,0.0,,19093058.4,all_equity
S02,2031-05-01,Atlas Central,Texas,90,1.22,109.8,2028-07-01,2028-10-01,0,18000,3.4,48,5900000,0.17,0.22,0.85,20,12,1.0,0.0,0.0,1.0,1.0,2028-08-01,2027-10-01,2027-09-01,2028-07-01,2028-10-01,2027-04-01,base,2028-10-01,True,True,True,0.0,0.0,31,0.85,18000,90.0,109.8,13392000,11383200.0,3.4,38702880.0,69437.51999999999,3333000.9599999995,5900000.0,1935144.0000000002,11168144.959999999,27534735.04,0.0,0.0,0.0,0.0,0.0,0.0,0.0,27534735.04,6883683.76,20651051.28,20651051.28,20651051.28,20651051.28,0.0,0.0,0.0,0.0,774057.6,19876993.68,,233036377.2,0.0,,19876993.68,all_equity
S02,2031-06-01,Atlas Central,Texas,90,1.22,109.8,2028-07-01,2028-10-01,0,18000,3.4,48,5900000,0.17,0.22,0.85,20,12,1.0,0.0,0.0,1.0,1.0,2028-08-01,2027-10-01,2027-09-01,2028-07-01,2028-10-01,2027-04-01,base,2028-10-01,True,True,True,0.0,0.0,32,0.85,18000,90.0,109.8,12960000,11016000.0,3.4,37454400.0,67197.59999999999,3225484.8,5900000.0,1872720.0000000002,10998204.8,26456195.2,0.0,0.0,0.0,0.0,0.0,0.0,0.0,26456195.2,6614048.8,19842146.4,19842146.4,19842146.4,19842146.4,0.0,0.0,0.0,0.0,749088.0,19093058.4,,233036377.2,0.0,,19093058.4,all_equity
S02,2031-07-01,Atlas Central,Texas,90,1.22,109.8,2028-07-01,2028-10-01,0,18000,3.4,48,5900000,0.17,0.22,0.85,20,12,1.0,0.0,0.0,1.0,1.0,2028-08-01,2027-10-01,2027-09-01,2028-07-01,2028-10-01,2027-04-01,base,2028-10-01,True,True,True,0.0,0.0,33,0.85,18000,90.0,109.8,13392000,11383200.0,3.4,38702880.0,69437.51999999999,3333000.9599999995,5900000.0,1935144.0000000002,11168144.959999999,27534735.04,0.0,0.0,0.0,0.0,0.0,0.0,0.0,27534735.04,6883683.76,20651051.28,20651051.28,20651051.28,20651051.28,0.0,0.0,0.0,0.0,774057.6,19876993.68,,233036377.2,0.0,,19876993.68,all_equity
S02,2031-08-01,Atlas Central,Texas,90,1.22,109.8,2028-07-01,2028-10-01,0,18000,3.4,48,5900000,0.17,0.22,0.85,20,12,1.0,0.0,0.0,1.0,1.0,2028-08-01,2027-10-01,2027-09-01,2028-07-01,2028-10-01,2027-04-01,base,2028-10-01,True,True,True,0.0,0.0,34,0.85,18000,90.0,109.8,13392000,11383200.0,3.4,38702880.0,69437.51999999999,3333000.9599999995,5900000.0,1935144.0000000002,11168144.959999999,27534735.04,0.0,0.0,0.0,0.0,0.0,0.0,0.0,27534735.04,6883683.76,20651051.28,20651051.28,20651051.28,20651051.28,0.0,0.0,0.0,0.0,774057.6,19876993.68,,233036377.2,0.0,,19876993.68,all_equity
S02,2031-09-01,Atlas Central,Texas,90,1.22,109.8,2028-07-01,2028-10-01,0,18000,3.4,48,5900000,0.17,0.22,0.85,20,12,1.0,0.0,0.0,1.0,1.0,2028-08-01,2027-10-01,2027-09-01,2028-07-01,2028-10-01,2027-04-01,base,2028-10-01,True,True,True,0.0,0.0,35,0.85,18000,90.0,109.8,12960000,11016000.0,3.4,37454400.0,67197.59999999999,3225484.8,5900000.0,1872720.0000000002,10998204.8,26456195.2,0.0,0.0,0.0,0.0,0.0,0.0,0.0,26456195.2,6614048.8,19842146.4,19842146.4,19842146.4,19842146.4,0.0,0.0,0.0,0.0,749088.0,19093058.4,,233036377.2,0.0,,19093058.4,all_equity
S02,2031-10-01,Atlas Central,Texas,90,1.22,109.8,2028-07-01,2028-10-01,0,18000,3.4,48,5900000,0.17,0.22,0.85,20,12,1.0,0.0,0.0,1.0,1.0,2028-08-01,2027-10-01,2027-09-01,2028-07-01,2028-10-01,2027-04-01,base,2028-10-01,True,True,True,0.0,0.0,36,0.85,18000,90.0,109.8,13392000,11383200.0,3.4,38702880.0,69437.51999999999,3333000.9599999995,5900000.0,1935144.0000000002,11168144.959999999,27534735.04,0.0,0.0,0.0,0.0,0.0,0.0,0.0,27534735.04,6883683.76,20651051.28,20651051.28,20651051.28,20651051.28,0.0,0.0,0.0,0.0,774057.6,19876993.68,,233036377.2,0.0,,19876993.68,all_equity
S02,2031-11-01,Atlas Central,Texas,90,1.22,109.8,2028-07-01,2028-10-01,0,18000,3.4,48,5900000,0.17,0.22,0.85,20,12,1.0,0.0,0.0,1.0,1.0,2028-08-01,2027-10-01,2027-09-01,2028-07-01,2028-10-01,2027-04-01,base,2028-10-01,True,True,True,0.0,0.0,37,0.85,18000,90.0,109.8,12960000,11016000.0,3.4,37454400.0,67197.59999999999,3225484.8,5900000.0,1872720.0000000002,10998204.8,26456195.2,0.0,0.0,0.0,0.0,0.0,0.0,0.0,26456195.2,6614048.8,19842146.4,19842146.4,19842146.4,19842146.4,0.0,0.0,0.0,0.0,749088.0,19093058.4,,233036377.2,0.0,,19093058.4,all_equity
S02,2031-12-01,Atlas Central,Texas,90,1.22,109.8,2028-07-01,2028-10-01,0,18000,3.4,48,5900000,0.17,0.22,0.85,20,12,1.0,0.0,0.0,1.0,1.0,2028-08-01,2027-10-01,2027-09-01,2028-07-01,2028-10-01,2027-04-01,base,2028-10-01,True,True,True,0.0,0.0,38,0.85,18000,90.0,109.8,13392000,11383200.0,3.4,38702880.0,69437.51999999999,3333000.9599999995,5900000.0,1935144.0000000002,11168144.959999999,27534735.04,0.0,0.0,0.0,0.0,0.0,0.0,0.0,27534735.04,6883683.76,20651051.28,20651051.28,20651051.28,20651051.28,0.0,0.0,0.0,0.0,774057.6,19876993.68,,233036377.2,0.0,,19876993.68,all_equity
S03,2027-01-01,Atlas West,Nevada,45,1.18,53.1,2029-01-01,2029-04-01,0,9000,3.65,55,3400000,0.19,0.2,0.8,16,8,1.0,0.0,0.0,1.0,1.0,2029-02-01,2028-03-01,2028-02-01,2029-01-01,2029-04-01,2027-09-01,base,2029-04-01,False,False,False,0.0,0.0,-27,0.0,0,0.0,0.0,0,0.0,3.65,0.0,0.0,0.0,0.0,0.0,0.0,0.0,0.0,0.0,0.0,0.0,0.0,0.0,0.0,0.0,0.0,0.0,0.0,0.0,0.0,0.0,0.0,0.0,0.0,0.0,0.0,,,,,0.0,all_equity
S03,2027-02-01,Atlas West,Nevada,45,1.18,53.1,2029-01-01,2029-04-01,0,9000,3.65,55,3400000,0.19,0.2,0.8,16,8,1.0,0.0,0.0,1.0,1.0,2029-02-01,2028-03-01,2028-02-01,2029-01-01,2029-04-01,2027-09-01,base,2029-04-01,False,False,False,0.0,0.0,-26,0.0,0,0.0,0.0,0,0.0,3.65,0.0,0.0,0.0,0.0,0.0,0.0,0.0,0.0,0.0,0.0,0.0,0.0,0.0,0.0,0.0,0.0,0.0,0.0,0.0,0.0,0.0,0.0,0.0,0.0,0.0,0.0,,,,,0.0,all_equity
S03,2027-03-01,Atlas West,Nevada,45,1.18,53.1,2029-01-01,2029-04-01,0,9000,3.65,55,3400000,0.19,0.2,0.8,16,8,1.0,0.0,0.0,1.0,1.0,2029-02-01,2028-03-01,2028-02-01,2029-01-01,2029-04-01,2027-09-01,base,2029-04-01,False,False,False,0.0,0.0,-25,0.0,0,0.0,0.0,0,0.0,3.65,0.0,0.0,0.0,0.0,0.0,0.0,0.0,0.0,0.0,0.0,0.0,0.0,0.0,0.0,0.0,0.0,0.0,0.0,0.0,0.0,0.0,0.0,0.0,0.0,0.0,0.0,,,,,0.0,all_equity
S03,2027-04-01,Atlas West,Nevada,45,1.18,53.1,2029-01-01,2029-04-01,0,9000,3.65,55,3400000,0.19,0.2,0.8,16,8,1.0,0.0,0.0,1.0,1.0,2029-02-01,2028-03-01,2028-02-01,2029-01-01,2029-04-01,2027-09-01,base,2029-04-01,False,False,False,0.0,0.0,-24,0.0,0,0.0,0.0,0,0.0,3.65,0.0,0.0,0.0,0.0,0.0,0.0,0.0,0.0,0.0,0.0,0.0,0.0,0.0,0.0,0.0,0.0,0.0,0.0,0.0,0.0,0.0,0.0,0.0,0.0,0.0,0.0,,,,,0.0,all_equity
S03,2027-05-01,Atlas West,Nevada,45,1.18,53.1,2029-01-01,2029-04-01,0,9000,3.65,55,3400000,0.19,0.2,0.8,16,8,1.0,0.0,0.0,1.0,1.0,2029-02-01,2028-03-01,2028-02-01,2029-01-01,2029-04-01,2027-09-01,base,2029-04-01,False,False,False,0.0,0.0,-23,0.0,0,0.0,0.0,0,0.0,3.65,0.0,0.0,0.0,0.0,0.0,0.0,0.0,0.0,0.0,0.0,0.0,0.0,0.0,0.0,0.0,0.0,0.0,0.0,0.0,0.0,0.0,0.0,0.0,0.0,0.0,0.0,,,,,0.0,all_equity
S03,2027-06-01,Atlas West,Nevada,45,1.18,53.1,2029-01-01,2029-04-01,0,9000,3.65,55,3400000,0.19,0.2,0.8,16,8,1.0,0.0,0.0,1.0,1.0,2029-02-01,2028-03-01,2028-02-01,2029-01-01,2029-04-01,2027-09-01,base,2029-04-01,False,False,False,0.0,0.0,-22,0.0,0,0.0,0.0,0,0.0,3.65,0.0,0.0,0.0,0.0,0.0,0.0,0.0,0.0,0.0,0.0,0.0,0.0,0.0,0.0,0.0,0.0,0.0,0.0,0.0,0.0,0.0,0.0,0.0,0.0,0.0,0.0,,,,,0.0,all_equity
S03,2027-07-01,Atlas West,Nevada,45,1.18,53.1,2029-01-01,2029-04-01,0,9000,3.65,55,3400000,0.19,0.2,0.8,16,8,1.0,0.0,0.0,1.0,1.0,2029-02-01,2028-03-01,2028-02-01,2029-01-01,2029-04-01,2027-09-01,base,2029-04-01,False,False,False,0.0,0.0,-21,0.0,0,0.0,0.0,0,0.0,3.65,0.0,0.0,0.0,0.0,0.0,0.0,0.0,0.0,0.0,0.0,0.0,0.0,0.0,0.0,0.0,0.0,0.0,0.0,0.0,0.0,0.0,0.0,0.0,0.0,0.0,0.0,,,,,0.0,all_equity
S03,2027-08-01,Atlas West,Nevada,45,1.18,53.1,2029-01-01,2029-04-01,0,9000,3.65,55,3400000,0.19,0.2,0.8,16,8,1.0,0.0,0.0,1.0,1.0,2029-02-01,2028-03-01,2028-02-01,2029-01-01,2029-04-01,2027-09-01,base,2029-04-01,False,False,False,0.0,0.0,-20,0.0,0,0.0,0.0,0,0.0,3.65,0.0,0.0,0.0,0.0,0.0,0.0,0.0,0.0,0.0,0.0,0.0,0.0,0.0,0.0,0.0,0.0,0.0,0.0,0.0,0.0,0.0,0.0,0.0,0.0,0.0,0.0,,,,,0.0,all_equity
S03,2027-09-01,Atlas West,Nevada,45,1.18,53.1,2029-01-01,2029-04-01,0,9000,3.65,55,3400000,0.19,0.2,0.8,16,8,1.0,0.0,0.0,1.0,1.0,2029-02-01,2028-03-01,2028-02-01,2029-01-01,2029-04-01,2027-09-01,base,2029-04-01,False,False,False,1841503.4761995617,0.0,-19,0.0,0,0.0,0.0,0,0.0,3.65,0.0,0.0,0.0,0.0,0.0,0.0,0.0,1841503.4761995617,0.0,0.0,0.0,0.0,0.0,0.0,0.0,0.0,0.0,-1841503.4761995617,-1841503.4761995617,0.0,0.0,0.0,0.0,1841503.4761995617,0.0,0.0,,,,,-1841503.4761995617,all_equity
S03,2027-10-01,Atlas West,Nevada,45,1.18,53.1,2029-01-01,2029-04-01,0,9000,3.65,55,3400000,0.19,0.2,0.8,16,8,1.0,0.0,0.0,1.0,1.0,2029-02-01,2028-03-01,2028-02-01,2029-01-01,2029-04-01,2027-09-01,base,2029-04-01,False,False,False,10019508.603094,0.0,-18,0.0,0,0.0,0.0,0,0.0,3.65,0.0,0.0,0.0,0.0,0.0,0.0,0.0,10019508.603094,0.0,0.0,0.0,0.0,0.0,0.0,0.0,0.0,0.0,-10019508.603094,-10019508.603094,0.0,0.0,0.0,0.0,10019508.603094,0.0,0.0,,,,,-10019508.603094,all_equity
S03,2027-11-01,Atlas West,Nevada,45,1.18,53.1,2029-01-01,2029-04-01,0,9000,3.65,55,3400000,0.19,0.2,0.8,16,8,1.0,0.0,0.0,1.0,1.0,2029-02-01,2028-03-01,2028-02-01,2029-01-01,2029-04-01,2027-09-01,base,2029-04-01,False,False,False,13479796.8163829,0.0,-17,0.0,0,0.0,0.0,0,0.0,3.65,0.0,0.0,0.0,0.0,0.0,0.0,0.0,13479796.8163829,0.0,0.0,0.0,0.0,0.0,0.0,0.0,0.0,0.0,-13479796.8163829,-13479796.8163829,0.0,0.0,0.0,0.0,13479796.8163829,0.0,0.0,,,,,-13479796.8163829,all_equity
S03,2027-12-01,Atlas West,Nevada,45,1.18,53.1,2029-01-01,2029-04-01,0,9000,3.65,55,3400000,0.19,0.2,0.8,16,8,1.0,0.0,0.0,1.0,1.0,2029-02-01,2028-03-01,2028-02-01,2029-01-01,2029-04-01,2027-09-01,base,2029-04-01,False,False,False,10380864.639866699,0.0,-16,0.0,0,0.0,0.0,0,0.0,3.65,0.0,0.0,0.0,0.0,0.0,0.0,0.0,10380864.639866699,0.0,0.0,0.0,0.0,0.0,0.0,0.0,0.0,0.0,-10380864.639866699,-10380864.639866699,0.0,0.0,0.0,0.0,10380864.639866699,0.0,0.0,,0.0,0.0,,-10380864.639866699,all_equity
S03,2028-01-01,Atlas West,Nevada,45,1.18,53.1,2029-01-01,2029-04-01,0,9000,3.65,55,3400000,0.19,0.2,0.8,16,8,1.0,0.0,0.0,1.0,1.0,2029-02-01,2028-03-01,2028-02-01,2029-01-01,2029-04-01,2027-09-01,base,2029-04-01,False,False,False,7281932.463350503,0.0,-15,0.0,0,0.0,0.0,0,0.0,3.65,0.0,0.0,0.0,0.0,0.0,0.0,0.0,7281932.463350503,0.0,0.0,0.0,0.0,0.0,0.0,0.0,0.0,0.0,-7281932.463350503,-7281932.463350503,0.0,0.0,0.0,0.0,7281932.463350503,0.0,0.0,,0.0,0.0,,-7281932.463350503,all_equity
S03,2028-02-01,Atlas West,Nevada,45,1.18,53.1,2029-01-01,2029-04-01,0,9000,3.65,55,3400000,0.19,0.2,0.8,16,8,1.0,0.0,0.0,1.0,1.0,2029-02-01,2028-03-01,2028-02-01,2029-01-01,2029-04-01,2027-09-01,base,2029-04-01,False,False,False,5284949.312321561,0.0,-14,0.0,0,0.0,0.0,0,0.0,3.65,0.0,0.0,0.0,0.0,0.0,0.0,0.0,5284949.312321561,0.0,0.0,0.0,0.0,0.0,0.0,0.0,0.0,0.0,-5284949.312321561,-5284949.312321561,0.0,0.0,0.0,0.0,5284949.312321561,0.0,0.0,,0.0,0.0,,-5284949.312321561,all_equity
S03,2028-03-01,Atlas West,Nevada,45,1.18,53.1,2029-01-01,2029-04-01,0,9000,3.65,55,3400000,0.19,0.2,0.8,16,8,1.0,0.0,0.0,1.0,1.0,2029-02-01,2028-03-01,2028-02-01,2029-01-01,2029-04-01,2027-09-01,base,2029-04-01,False,False,False,12707986.382705985,0.0,-13,0.0,0,0.0,0.0,0,0.0,3.65,0.0,0.0,0.0,0.0,0.0,0.0,0.0,12707986.382705985,0.0,0.0,0.0,0.0,0.0,0.0,0.0,0.0,0.0,-12707986.382705985,-12707986.382705985,0.0,0.0,0.0,0.0,12707986.382705985,0.0,0.0,,0.0,0.0,,-12707986.382705985,all_equity
S03,2028-04-01,Atlas West,Nevada,45,1.18,53.1,2029-01-01,2029-04-01,0,9000,3.65,55,3400000,0.19,0.2,0.8,16,8,1.0,0.0,0.0,1.0,1.0,2029-02-01,2028-03-01,2028-02-01,2029-01-01,2029-04-01,2027-09-01,base,2029-04-01,False,False,False,20188443.777989022,0.0,-12,0.0,0,0.0,0.0,0,0.0,3.65,0.0,0.0,0.0,0.0,0.0,0.0,0.0,20188443.777989022,0.0,0.0,0.0,0.0,0.0,0.0,0.0,0.0,0.0,-20188443.777989022,-20188443.777989022,0.0,0.0,0.0,0.0,20188443.777989022,0.0,0.0,,0.0,0.0,,-20188443.777989022,all_equity
S03,2028-05-01,Atlas West,Nevada,45,1.18,53.1,2029-01-01,2029-04-01,0,9000,3.65,55,3400000,0.19,0.2,0.8,16,8,1.0,0.0,0.0,1.0,1.0,2029-02-01,2028-03-01,2028-02-01,2029-01-01,2029-04-01,2027-09-01,base,2029-04-01,False,False,False,35357287.211776875,0.0,-11,0.0,0,0.0,0.0,0,0.0,3.65,0.0,0.0,0.0,0.0,0.0,0.0,0.0,35357287.211776875,0.0,0.0,0.0,0.0,0.0,0.0,0.0,0.0,0.0,-35357287.211776875,-35357287.211776875,0.0,0.0,0.0,0.0,35357287.211776875,0.0,0.0,,0.0,0.0,,-35357287.211776875,all_equity
S03,2028-06-01,Atlas West,Nevada,45,1.18,53.1,2029-01-01,2029-04-01,0,9000,3.65,55,3400000,0.19,0.2,0.8,16,8,1.0,0.0,0.0,1.0,1.0,2029-02-01,2028-03-01,2028-02-01,2029-01-01,2029-04-01,2027-09-01,base,2029-04-01,False,False,False,50526130.64556474,0.0,-10,0.0,0,0.0,0.0,0,0.0,3.65,0.0,0.0,0.0,0.0,0.0,0.0,0.0,50526130.64556474,0.0,0.0,0.0,0.0,0.0,0.0,0.0,0.0,0.0,-50526130.64556474,-50526130.64556474,0.0,0.0,0.0,0.0,50526130.64556474,0.0,0.0,,0.0,0.0,,-50526130.64556474,all_equity
S03,2028-07-01,Atlas West,Nevada,45,1.18,53.1,2029-01-01,2029-04-01,0,9000,3.65,55,3400000,0.19,0.2,0.8,16,8,1.0,0.0,0.0,1.0,1.0,2029-02-01,2028-03-01,2028-02-01,2029-01-01,2029-04-01,2027-09-01,base,2029-04-01,False,False,False,65694974.07935259,0.0,-9,0.0,0,0.0,0.0,0,0.0,3.65,0.0,0.0,0.0,0.0,0.0,0.0,0.0,65694974.07935259,0.0,0.0,0.0,0.0,0.0,0.0,0.0,0.0,0.0,-65694974.07935259,-65694974.07935259,0.0,0.0,0.0,0.0,65694974.07935259,0.0,0.0,,0.0,0.0,,-65694974.07935259,all_equity
S03,2028-08-01,Atlas West,Nevada,45,1.18,53.1,2029-01-01,2029-04-01,0,9000,3.65,55,3400000,0.19,0.2,0.8,16,8,1.0,0.0,0.0,1.0,1.0,2029-02-01,2028-03-01,2028-02-01,2029-01-01,2029-04-01,2027-09-01,base,2029-04-01,False,False,False,80863817.51314044,0.0,-8,0.0,0,0.0,0.0,0,0.0,3.65,0.0,0.0,0.0,0.0,0.0,0.0,0.0,80863817.51314044,0.0,0.0,0.0,0.0,0.0,0.0,0.0,0.0,0.0,-80863817.51314044,-80863817.51314044,0.0,0.0,0.0,0.0,80863817.51314044,0.0,0.0,,0.0,0.0,,-80863817.51314044,all_equity
S03,2028-09-01,Atlas West,Nevada,45,1.18,53.1,2029-01-01,2029-04-01,0,9000,3.65,55,3400000,0.19,0.2,0.8,16,8,1.0,0.0,0.0,1.0,1.0,2029-02-01,2028-03-01,2028-02-01,2029-01-01,2029-04-01,2027-09-01,base,2029-04-01,False,False,False,87435778.33939837,0.0,-7,0.0,0,0.0,0.0,0,0.0,3.65,0.0,0.0,0.0,0.0,0.0,0.0,0.0,87435778.33939837,0.0,0.0,0.0,0.0,0.0,0.0,0.0,0.0,0.0,-87435778.33939837,-87435778.33939837,0.0,0.0,0.0,0.0,87435778.33939837,0.0,0.0,,0.0,0.0,,-87435778.33939837,all_equity
S03,2028-10-01,Atlas West,Nevada,45,1.18,53.1,2029-01-01,2029-04-01,0,9000,3.65,55,3400000,0.19,0.2,0.8,16,8,1.0,0.0,0.0,1.0,1.0,2029-02-01,2028-03-01,2028-02-01,2029-01-01,2029-04-01,2027-09-01,base,2029-04-01,False,False,False,87562113.84849827,0.0,-6,0.0,0,0.0,0.0,0,0.0,3.65,0.0,0.0,0.0,0.0,0.0,0.0,0.0,87562113.84849827,0.0,0.0,0.0,0.0,0.0,0.0,0.0,0.0,0.0,-87562113.84849827,-87562113.84849827,0.0,0.0,0.0,0.0,87562113.84849827,0.0,0.0,,0.0,0.0,,-87562113.84849827,all_equity
S03,2028-11-01,Atlas West,Nevada,45,1.18,53.1,2029-01-01,2029-04-01,0,9000,3.65,55,3400000,0.19,0.2,0.8,16,8,1.0,0.0,0.0,1.0,1.0,2029-02-01,2028-03-01,2028-02-01,2029-01-01,2029-04-01,2027-09-01,base,2029-04-01,False,False,False,70410962.44660339,0.0,-5,0.0,0,0.0,0.0,0,0.0,3.65,0.0,0.0,0.0,0.0,0.0,0.0,0.0,70410962.44660339,0.0,0.0,0.0,0.0,0.0,0.0,0.0,0.0,0.0,-70410962.44660339,-70410962.44660339,0.0,0.0,0.0,0.0,70410962.44660339,0.0,0.0,,0.0,0.0,,-70410962.44660339,all_equity
S03,2028-12-01,Atlas West,Nevada,45,1.18,53.1,2029-01-01,2029-04-01,0,9000,3.65,55,3400000,0.19,0.2,0.8,16,8,1.0,0.0,0.0,1.0,1.0,2029-02-01,2028-03-01,2028-02-01,2029-01-01,2029-04-01,2027-09-01,base,2029-04-01,False,False,False,35982324.13371378,0.0,-4,0.0,0,0.0,0.0,0,0.0,3.65,0.0,0.0,0.0,0.0,0.0,0.0,0.0,35982324.13371378,0.0,0.0,0.0,0.0,0.0,0.0,0.0,0.0,0.0,-35982324.13371378,-35982324.13371378,0.0,0.0,0.0,0.0,35982324.13371378,0.0,0.0,,0.0,0.0,,-35982324.13371378,all_equity
S03,2029-01-01,Atlas West,Nevada,45,1.18,53.1,2029-01-01,2029-04-01,0,9000,3.65,55,3400000,0.19,0.2,0.8,16,8,1.0,0.0,0.0,1.0,1.0,2029-02-01,2028-03-01,2028-02-01,2029-01-01,2029-04-01,2027-09-01,base,2029-04-01,True,False,False,59871568.26220668,18129496.402877696,-3,0.0,0,0.0,0.0,0,0.0,3.65,0.0,0.0,0.0,0.0,0.0,0.0,0.0,59871568.26220668,0.0,0.0,0.0,0.0,0.0,0.0,0.0,0.0,0.0,-59871568.26220668,-59871568.26220668,0.0,0.0,0.0,0.0,59871568.26220668,0.0,0.0,,0.0,0.0,,-59871568.26220668,all_equity
S03,2029-02-01,Atlas West,Nevada,45,1.18,53.1,2029-01-01,2029-04-01,0,9000,3.65,55,3400000,0.19,0.2,0.8,16,8,1.0,0.0,0.0,1.0,1.0,2029-02-01,2028-03-01,2028-02-01,2029-01-01,2029-04-01,2027-09-01,base,2029-04-01,True,True,False,141153223.51546046,107913669.06474818,-2,0.0,0,0.0,0.0,0,0.0,3.65,0.0,0.0,0.0,0.0,0.0,0.0,0.0,141153223.51546046,0.0,0.0,0.0,0.0,0.0,0.0,0.0,0.0,0.0,-141153223.51546046,-141153223.51546046,0.0,0.0,0.0,0.0,141153223.51546046,0.0,0.0,,0.0,0.0,,-141153223.51546046,all_equity
S03,2029-03-01,Atlas West,Nevada,45,1.18,53.1,2029-01-01,2029-04-01,0,9000,3.65,55,3400000,0.19,0.2,0.8,16,8,1.0,0.0,0.0,1.0,1.0,2029-02-01,2028-03-01,2028-02-01,2029-01-01,2029-04-01,2027-09-01,base,2029-04-01,True,True,False,215827338.12949637,215827338.12949637,-1,0.0,0,0.0,0.0,0,0.0,3.65,0.0,0.0,0.0,0.0,0.0,0.0,0.0,215827338.12949637,0.0,0.0,0.0,0.0,0.0,0.0,0.0,0.0,0.0,-215827338.12949637,-215827338.12949637,0.0,0.0,0.0,0.0,215827338.12949637,0.0,0.0,,0.0,0.0,,-215827338.12949637,all_equity
S03,2029-04-01,Atlas West,Nevada,45,1.18,53.1,2029-01-01,2029-04-01,0,9000,3.65,55,3400000,0.19,0.2,0.8,16,8,1.0,0.0,0.0,1.0,1.0,2029-02-01,2028-03-01,2028-02-01,2029-01-01,2029-04-01,2027-09-01,base,2029-04-01,True,True,True,18129496.402877696,18129496.402877696,0,0.2,1125,5.625,6.637499999999999,810000,162000.0,3.65,591300.0,955.7999999999998,52568.99999999999,3400000.0,30780.0,3483349.0,-2892049.0,18129496.402877696,0.0,0.0,0.0,0.0,0.0,0.0,0.0,0.0,-2892049.0,-21021545.402877696,-21021545.402877696,-2892049.0,0.0,0.0,0.0,18129496.402877696,11826.0,-2903875.0,,-2903875.0,0.0,,-21033371.402877696,all_equity
S03,2029-05-01,Atlas West,Nevada,45,1.18,53.1,2029-01-01,2029-04-01,0,9000,3.65,55,3400000,0.19,0.2,0.8,16,8,1.0,0.0,0.0,1.0,1.0,2029-02-01,2028-03-01,2028-02-01,2029-01-01,2029-04-01,2027-09-01,base,2029-04-01,True,True,True,0.0,0.0,1,0.23750000000000002,2250,11.25,13.274999999999999,1674000,397575.0,3.65,1451148.75,2345.6924999999997,129013.08749999998,3400000.0,75539.25,3604552.3375,-2153403.5875,0.0,0.0,0.0,0.0,0.0,0.0,0.0,0.0,0.0,-2153403.5875,-2153403.5875,-2153403.5875,-2153403.5875,0.0,0.0,0.0,0.0,29022.975000000002,-2182426.5625,,-5086301.5625,0.0,,-2182426.5625,all_equity
S03,2029-06-01,Atlas West,Nevada,45,1.18,53.1,2029-01-01,2029-04-01,0,9000,3.65,55,3400000,0.19,0.2,0.8,16,8,1.0,0.0,0.0,1.0,1.0,2029-02-01,2028-03-01,2028-02-01,2029-01-01,2029-04-01,2027-09-01,base,2029-04-01,True,True,True,0.0,0.0,2,0.275,3375,16.875,19.912499999999998,2430000,668250.0,3.65,2439112.5,3942.6749999999997,216847.12499999997,3400000.0,126967.5,3743814.625,-1304702.125,0.0,0.0,0.0,0.0,0.0,0.0,0.0,0.0,0.0,-1304702.125,-1304702.125,-1304702.125,-1304702.125,0.0,0.0,0.0,0.0,48782.25,-1353484.375,,-6439785.9375,0.0,,-1353484.375,all_equity
S03,2029-07-01,Atlas West,Nevada,45,1.18,53.1,2029-01-01,2029-04-01,0,9000,3.65,55,3400000,0.19,0.2,0.8,16,8,1.0,0.0,0.0,1.0,1.0,2029-02-01,2028-03-01,2028-02-01,2029-01-01,2029-04-01,2027-09-01,base,2029-04-01,True,True,True,0.0,0.0,3,0.3125,4500,22.5,26.549999999999997,3348000,1046250.0,3.65,3818812.5,6172.874999999999,339508.12499999994,3400000.0,198787.5,3938295.625,-119483.125,0.0,0.0,0.0,0.0,0.0,0.0,0.0,0.0,0.0,-119483.125,-119483.125,-119483.125,-119483.125,0.0,0.0,0.0,0.0,76376.25,-195859.375,,-6635645.3125,0.0,,-195859.375,all_equity
S03,2029-08-01,Atlas West,Nevada,45,1.18,53.1,2029-01-01,2029-04-01,0,9000,3.65,55,3400000,0.19,0.2,0.8,16,8,1.0,0.0,0.0,1.0,1.0,2029-02-01,2028-03-01,2028-02-01,2029-01-01,2029-04-01,2027-09-01,base,2029-04-01,True,True,True,0.0,0.0,4,0.35000000000000003,5625,28.125,33.1875,4185000,1464750.0000000002,3.65,5346337.500000001,8642.025000000001,475311.37500000006,3400000.0,278302.50000000006,4153613.875,1192723.625000001,0.0,0.0,0.0,0.0,0.0,0.0,0.0,1192723.625000001,298180.90625000023,894542.7187500007,894542.7187500007,894542.7187500007,894542.7187500007,0.0,0.0,0.0,0.0,106926.75000000001,787615.9687500007,,-5848029.343749999,0.0,,787615.9687500007,all_equity
S03,2029-09-01,Atlas West,Nevada,45,1.18,53.1,2029-01-01,2029-04-01,0,9000,3.65,55,3400000,0.19,0.2,0.8,16,8,1.0,0.0,0.0,1.0,1.0,2029-02-01,2028-03-01,2028-02-01,2029-01-01,2029-04-01,2027-09-01,base,2029-04-01,True,True,True,0.0,0.0,5,0.38750000000000007,6750,33.75,39.824999999999996,4860000,1883250.0000000002,3.65,6873862.500000001,11111.175000000001,611114.6250000001,3400000.0,357817.50000000006,4368932.125,2504930.375000001,0.0,0.0,0.0,0.0,0.0,0.0,0.0,2504930.375000001,626232.5937500002,1878697.7812500007,1878697.7812500007,1878697.7812500007,1878697.7812500007,0.0,0.0,0.0,0.0,137477.25000000003,1741220.5312500007,,-4106808.8124999986,0.0,,1741220.5312500007,all_equity
S03,2029-10-01,Atlas West,Nevada,45,1.18,53.1,2029-01-01,2029-04-01,0,9000,3.65,55,3400000,0.19,0.2,0.8,16,8,1.0,0.0,0.0,1.0,1.0,2029-02-01,2028-03-01,2028-02-01,2029-01-01,2029-04-01,2027-09-01,base,2029-04-01,True,True,True,0.0,0.0,6,0.42500000000000004,7875,39.375,46.4625,5859000,2490075.0000000005,3.65,9088773.750000002,14691.442500000001,808029.3375,3400000.0,473114.2500000001,4681143.5875,4407630.1625000015,0.0,0.0,0.0,0.0,0.0,0.0,0.0,4407630.1625000015,1101907.5406250004,3305722.621875001,3305722.621875001,3305722.621875001,3305722.621875001,0.0,0.0,0.0,0.0,181775.47500000003,3123947.146875001,,-982861.6656249976,0.0,,3123947.146875001,all_equity
S03,2029-11-01,Atlas West,Nevada,45,1.18,53.1,2029-01-01,2029-04-01,0,9000,3.65,55,3400000,0.19,0.2,0.8,16,8,1.0,0.0,0.0,1.0,1.0,2029-02-01,2028-03-01,2028-02-01,2029-01-01,2029-04-01,2027-09-01,base,2029-04-01,True,True,True,0.0,0.0,7,0.4625000000000001,9000,45.0,53.099999999999994,6480000,2997000.0000000005,3.65,10939050.000000002,17682.3,972526.5,3400000.0,569430.0000000001,4941956.5,5997093.500000002,0.0,0.0,0.0,0.0,0.0,0.0,0.0,5997093.500000002,1499273.3750000005,4497820.125000002,4497820.125000002,4497820.125000002,4497820.125000002,0.0,0.0,0.0,0.0,218781.00000000003,4279039.125000002,,3296177.4593750043,0.0,,4279039.125000002,all_equity
S03,2029-12-01,Atlas West,Nevada,45,1.18,53.1,2029-01-01,2029-04-01,0,9000,3.65,55,3400000,0.19,0.2,0.8,16,8,1.0,0.0,0.0,1.0,1.0,2029-02-01,2028-03-01,2028-02-01,2029-01-01,2029-04-01,2027-09-01,base,2029-04-01,True,True,True,0.0,0.0,8,0.5,9000,45.0,53.099999999999994,6696000,3348000.0,3.65,12220200.0,19753.199999999997,1086425.9999999998,3400000.0,636120.0,5122546.0,7097654.0,0.0,0.0,0.0,0.0,0.0,0.0,0.0,7097654.0,1774413.5,5323240.5,5323240.5,5323240.5,5323240.5,0.0,0.0,0.0,0.0,244404.0,5078836.5,,8375013.959375004,0.0,,5078836.5,all_equity
S03,2030-01-01,Atlas West,Nevada,45,1.18,53.1,2029-01-01,2029-04-01,0,9000,3.65,55,3400000,0.19,0.2,0.8,16,8,1.0,0.0,0.0,1.0,1.0,2029-02-01,2028-03-01,2028-02-01,2029-01-01,2029-04-01,2027-09-01,base,2029-04-01,True,True,True,0.0,0.0,9,0.5375000000000001,9000,45.0,53.099999999999994,6696000,3599100.0000000005,3.65,13136715.000000002,21234.69,1167907.95,3400000.0,683829.0000000001,5251736.95,7884978.050000002,0.0,0.0,0.0,0.0,0.0,0.0,0.0,7884978.050000002,1971244.5125000004,5913733.5375000015,5913733.5375000015,5913733.5375000015,5913733.5375000015,0.0,0.0,0.0,0.0,262734.30000000005,5650999.237500002,,14026013.196875006,0.0,,5650999.237500002,all_equity
S03,2030-02-01,Atlas West,Nevada,45,1.18,53.1,2029-01-01,2029-04-01,0,9000,3.65,55,3400000,0.19,0.2,0.8,16,8,1.0,0.0,0.0,1.0,1.0,2029-02-01,2028-03-01,2028-02-01,2029-01-01,2029-04-01,2027-09-01,base,2029-04-01,True,True,True,0.0,0.0,10,0.5750000000000001,9000,45.0,53.099999999999994,6048000,3477600.0000000005,3.65,12693240.000000002,20517.84,1128481.2,3400000.0,660744.0000000001,5189225.2,7504014.800000002,0.0,0.0,0.0,0.0,0.0,0.0,0.0,7504014.800000002,1876003.7000000004,5628011.1000000015,5628011.1000000015,5628011.1000000015,5628011.1000000015,0.0,0.0,0.0,0.0,253864.80000000005,5374146.300000002,,19400159.496875007,0.0,,5374146.300000002,all_equity
S03,2030-03-01,Atlas West,Nevada,45,1.18,53.1,2029-01-01,2029-04-01,0,9000,3.65,55,3400000,0.19,0.2,0.8,16,8,1.0,0.0,0.0,1.0,1.0,2029-02-01,2028-03-01,2028-02-01,2029-01-01,2029-04-01,2027-09-01,base,2029-04-01,True,True,True,0.0,0.0,11,0.6125,9000,45.0,53.099999999999994,6696000,4101300.0000000005,3.65,14969745.000000002,24197.67,1330871.8499999999,3400000.0,779247.0000000001,5510118.85,9459626.150000002,0.0,0.0,0.0,0.0,0.0,0.0,0.0,9459626.150000002,2364906.5375000006,7094719.612500002,7094719.612500002,7094719.612500002,7094719.612500002,0.0,0.0,0.0,0.0,299394.9,6795324.712500001,,26195484.20937501,0.0,,6795324.712500001,all_equity
S03,2030-04-01,Atlas West,Nevada,45,1.18,53.1,2029-01-01,2029-04-01,0,9000,3.65,55,3400000,0.19,0.2,0.8,16,8,1.0,0.0,0.0,1.0,1.0,2029-02-01,2028-03-01,2028-02-01,2029-01-01,2029-04-01,2027-09-01,base,2029-04-01,True,True,True,0.0,0.0,12,0.6500000000000001,9000,45.0,53.099999999999994,6480000,4212000.000000001,3.65,15373800.000000004,24850.8,1366794.0,3400000.0,800280.0000000002,5567074.0,9806726.000000004,0.0,0.0,0.0,0.0,0.0,0.0,0.0,9806726.000000004,2451681.500000001,7355044.500000003,7355044.500000003,7355044.500000003,7355044.500000003,0.0,0.0,0.0,0.0,307476.00000000006,7047568.500000003,,36146927.70937501,0.0,,7047568.500000003,all_equity
S03,2030-05-01,Atlas West,Nevada,45,1.18,53.1,2029-01-01,2029-04-01,0,9000,3.65,55,3400000,0.19,0.2,0.8,16,8,1.0,0.0,0.0,1.0,1.0,2029-02-01,2028-03-01,2028-02-01,2029-01-01,2029-04-01,2027-09-01,base,2029-04-01,True,True,True,0.0,0.0,13,0.6875,9000,45.0,53.099999999999994,6696000,4603500.0,3.65,16802775.0,27160.649999999994,1493835.7499999998,3400000.0,874665.0,5768500.75,11034274.25,0.0,0.0,0.0,0.0,0.0,0.0,0.0,11034274.25,2758568.5625,8275705.6875,8275705.6875,8275705.6875,8275705.6875,0.0,0.0,0.0,0.0,336055.5,7939650.1875,,46269004.45937501,0.0,,7939650.1875,all_equity
S03,2030-06-01,Atlas West,Nevada,45,1.18,53.1,2029-01-01,2029-04-01,0,9000,3.65,55,3400000,0.19,0.2,0.8,16,8,1.0,0.0,0.0,1.0,1.0,2029-02-01,2028-03-01,2028-02-01,2029-01-01,2029-04-01,2027-09-01,base,2029-04-01,True,True,True,0.0,0.0,14,0.7250000000000001,9000,45.0,53.099999999999994,6480000,4698000.000000001,3.65,17147700.000000004,27718.199999999997,1524500.9999999998,3400000.0,892620.0000000002,5817121.0,11330579.000000004,0.0,0.0,0.0,0.0,0.0,0.0,0.0,11330579.000000004,2832644.750000001,8497934.250000004,8497934.250000004,8497934.250000004,8497934.250000004,0.0,0.0,0.0,0.0,342954.00000000006,8154980.250000004,,55777469.08437502,0.0,,8154980.250000004,all_equity
S03,2030-07-01,Atlas West,Nevada,45,1.18,53.1,2029-01-01,2029-04-01,0,9000,3.65,55,3400000,0.19,0.2,0.8,16,8,1.0,0.0,0.0,1.0,1.0,2029-02-01,2028-03-01,2028-02-01,2029-01-01,2029-04-01,2027-09-01,base,2029-04-01,True,True,True,0.0,0.0,15,0.7625000000000002,9000,45.0,53.099999999999994,6696000,5105700.000000001,3.65,18635805.000000004,30123.63,1656799.6500000001,3400000.0,970083.0000000002,6026882.65,12608922.350000003,0.0,0.0,0.0,0.0,0.0,0.0,0.0,12608922.350000003,3152230.587500001,9456691.762500003,9456691.762500003,9456691.762500003,9456691.762500003,0.0,0.0,0.0,0.0,372716.1000000001,9083975.662500003,,65057304.12187502,0.0,,9083975.662500003,all_equity
S03,2030-08-01,Atlas West,Nevada,45,1.18,53.1,2029-01-01,2029-04-01,0,9000,3.65,55,3400000,0.19,0.2,0.8,16,8,1.0,0.0,0.0,1.0,1.0,2029-02-01,2028-03-01,2028-02-01,2029-01-01,2029-04-01,2027-09-01,base,2029-04-01,True,True,True,0.0,0.0,16,0.8,9000,45.0,53.099999999999994,6696000,5356800.0,3.65,19552320.0,31605.119999999995,1738281.5999999996,3400000.0,1017792.0,6156073.6,13396246.4,0.0,0.0,0.0,0.0,0.0,0.0,0.0,13396246.4,3349061.6,10047184.8,10047184.8,10047184.8,10047184.8,0.0,0.0,0.0,0.0,391046.4,9656138.4,,73925826.55312502,0.0,,9656138.4,all_equity
S03,2030-09-01,Atlas West,Nevada,45,1.18,53.1,2029-01-01,2029-04-01,0,9000,3.65,55,3400000,0.19,0.2,0.8,16,8,1.0,0.0,0.0,1.0,1.0,2029-02-01,2028-03-01,2028-02-01,2029-01-01,2029-04-01,2027-09-01,base,2029-04-01,True,True,True,0.0,0.0,17,0.8,9000,45.0,53.099999999999994,6480000,5184000.0,3.65,18921600.0,30585.599999999995,1682207.9999999998,3400000.0,984960.0,6067168.0,12854432.0,0.0,0.0,0.0,0.0,0.0,0.0,0.0,12854432.0,3213608.0,9640824.0,9640824.0,9640824.0,9640824.0,0.0,0.0,0.0,0.0,378432.0,9262392.0,,81446998.02187502,0.0,,9262392.0,all_equity
S03,2030-10-01,Atlas West,Nevada,45,1.18,53.1,2029-01-01,2029-04-01,0,9000,3.65,55,3400000,0.19,0.2,0.8,16,8,1.0,0.0,0.0,1.0,1.0,2029-02-01,2028-03-01,2028-02-01,2029-01-01,2029-04-01,2027-09-01,base,2029-04-01,True,True,True,0.0,0.0,18,0.8,9000,45.0,53.099999999999994,6696000,5356800.0,3.65,19552320.0,31605.119999999995,1738281.5999999996,3400000.0,1017792.0,6156073.6,13396246.4,0.0,0.0,0.0,0.0,0.0,0.0,0.0,13396246.4,3349061.6,10047184.8,10047184.8,10047184.8,10047184.8,0.0,0.0,0.0,0.0,391046.4,9656138.4,,87979189.275,0.0,,9656138.4,all_equity
S03,2030-11-01,Atlas West,Nevada,45,1.18,53.1,2029-01-01,2029-04-01,0,9000,3.65,55,3400000,0.19,0.2,0.8,16,8,1.0,0.0,0.0,1.0,1.0,2029-02-01,2028-03-01,2028-02-01,2029-01-01,2029-04-01,2027-09-01,base,2029-04-01,True,True,True,0.0,0.0,19,0.8,9000,45.0,53.099999999999994,6480000,5184000.0,3.65,18921600.0,30585.599999999995,1682207.9999999998,3400000.0,984960.0,6067168.0,12854432.0,0.0,0.0,0.0,0.0,0.0,0.0,0.0,12854432.0,3213608.0,9640824.0,9640824.0,9640824.0,9640824.0,0.0,0.0,0.0,0.0,378432.0,9262392.0,,92962542.15,0.0,,9262392.0,all_equity
S03,2030-12-01,Atlas West,Nevada,45,1.18,53.1,2029-01-01,2029-04-01,0,9000,3.65,55,3400000,0.19,0.2,0.8,16,8,1.0,0.0,0.0,1.0,1.0,2029-02-01,2028-03-01,2028-02-01,2029-01-01,2029-04-01,2027-09-01,base,2029-04-01,True,True,True,0.0,0.0,20,0.8,9000,45.0,53.099999999999994,6696000,5356800.0,3.65,19552320.0,31605.119999999995,1738281.5999999996,3400000.0,1017792.0,6156073.6,13396246.4,0.0,0.0,0.0,0.0,0.0,0.0,0.0,13396246.4,3349061.6,10047184.8,10047184.8,10047184.8,10047184.8,0.0,0.0,0.0,0.0,391046.4,9656138.4,,97539844.05000001,0.0,,9656138.4,all_equity
S03,2031-01-01,Atlas West,Nevada,45,1.18,53.1,2029-01-01,2029-04-01,0,9000,3.65,55,3400000,0.19,0.2,0.8,16,8,1.0,0.0,0.0,1.0,1.0,2029-02-01,2028-03-01,2028-02-01,2029-01-01,2029-04-01,2027-09-01,base,2029-04-01,True,True,True,0.0,0.0,21,0.8,9000,45.0,53.099999999999994,6696000,5356800.0,3.65,19552320.0,31605.119999999995,1738281.5999999996,3400000.0,1017792.0,6156073.6,13396246.4,0.0,0.0,0.0,0.0,0.0,0.0,0.0,13396246.4,3349061.6,10047184.8,10047184.8,10047184.8,10047184.8,0.0,0.0,0.0,0.0,391046.4,9656138.4,,101544983.2125,0.0,,9656138.4,all_equity
S03,2031-02-01,Atlas West,Nevada,45,1.18,53.1,2029-01-01,2029-04-01,0,9000,3.65,55,3400000,0.19,0.2,0.8,16,8,1.0,0.0,0.0,1.0,1.0,2029-02-01,2028-03-01,2028-02-01,2029-01-01,2029-04-01,2027-09-01,base,2029-04-01,True,True,True,0.0,0.0,22,0.8,9000,45.0,53.099999999999994,6048000,4838400.0,3.65,17660160.0,28546.559999999998,1570060.7999999998,3400000.0,919296.0,5889356.8,11770803.2,0.0,0.0,0.0,0.0,0.0,0.0,0.0,11770803.2,2942700.8,8828102.399999999,8828102.399999999,8828102.399999999,8828102.399999999,0.0,0.0,0.0,0.0,353203.2,8474899.2,,104645736.11250001,0.0,,8474899.2,all_equity
S03,2031-03-01,Atlas West,Nevada,45,1.18,53.1,2029-01-01,2029-04-01,0,9000,3.65,55,3400000,0.19,0.2,0.8,16,8,1.0,0.0,0.0,1.0,1.0,2029-02-01,2028-03-01,2028-02-01,2029-01-01,2029-04-01,2027-09-01,base,2029-04-01,True,True,True,0.0,0.0,23,0.8,9000,45.0,53.099999999999994,6696000,5356800.0,3.65,19552320.0,31605.119999999995,1738281.5999999996,3400000.0,1017792.0,6156073.6,13396246.4,0.0,0.0,0.0,0.0,0.0,0.0,0.0,13396246.4,3349061.6,10047184.8,10047184.8,10047184.8,10047184.8,0.0,0.0,0.0,0.0,391046.4,9656138.4,,107506549.80000001,0.0,,9656138.4,all_equity
S03,2031-04-01,Atlas West,Nevada,45,1.18,53.1,2029-01-01,2029-04-01,0,9000,3.65,55,3400000,0.19,0.2,0.8,16,8,1.0,0.0,0.0,1.0,1.0,2029-02-01,2028-03-01,2028-02-01,2029-01-01,2029-04-01,2027-09-01,base,2029-04-01,True,True,True,0.0,0.0,24,0.8,9000,45.0,53.099999999999994,6480000,5184000.0,3.65,18921600.0,30585.599999999995,1682207.9999999998,3400000.0,984960.0,6067168.0,12854432.0,0.0,0.0,0.0,0.0,0.0,0.0,0.0,12854432.0,3213608.0,9640824.0,9640824.0,9640824.0,9640824.0,0.0,0.0,0.0,0.0,378432.0,9262392.0,,109721373.30000001,0.0,,9262392.0,all_equity
S03,2031-05-01,Atlas West,Nevada,45,1.18,53.1,2029-01-01,2029-04-01,0,9000,3.65,55,3400000,0.19,0.2,0.8,16,8,1.0,0.0,0.0,1.0,1.0,2029-02-01,2028-03-01,2028-02-01,2029-01-01,2029-04-01,2027-09-01,base,2029-04-01,True,True,True,0.0,0.0,25,0.8,9000,45.0,53.099999999999994,6696000,5356800.0,3.65,19552320.0,31605.119999999995,1738281.5999999996,3400000.0,1017792.0,6156073.6,13396246.4,0.0,0.0,0.0,0.0,0.0,0.0,0.0,13396246.4,3349061.6,10047184.8,10047184.8,10047184.8,10047184.8,0.0,0.0,0.0,0.0,391046.4,9656138.4,,111437861.51250002,0.0,,9656138.4,all_equity
S03,2031-06-01,Atlas West,Nevada,45,1.18,53.1,2029-01-01,2029-04-01,0,9000,3.65,55,3400000,0.19,0.2,0.8,16,8,1.0,0.0,0.0,1.0,1.0,2029-02-01,2028-03-01,2028-02-01,2029-01-01,2029-04-01,2027-09-01,base,2029-04-01,True,True,True,0.0,0.0,26,0.8,9000,45.0,53.099999999999994,6480000,5184000.0,3.65,18921600.0,30585.599999999995,1682207.9999999998,3400000.0,984960.0,6067168.0,12854432.0,0.0,0.0,0.0,0.0,0.0,0.0,0.0,12854432.0,3213608.0,9640824.0,9640824.0,9640824.0,9640824.0,0.0,0.0,0.0,0.0,378432.0,9262392.0,,112545273.26250002,0.0,,9262392.0,all_equity
S03,2031-07-01,Atlas West,Nevada,45,1.18,53.1,2029-01-01,2029-04-01,0,9000,3.65,55,3400000,0.19,0.2,0.8,16,8,1.0,0.0,0.0,1.0,1.0,2029-02-01,2028-03-01,2028-02-01,2029-01-01,2029-04-01,2027-09-01,base,2029-04-01,True,True,True,0.0,0.0,27,0.8,9000,45.0,53.099999999999994,6696000,5356800.0,3.65,19552320.0,31605.119999999995,1738281.5999999996,3400000.0,1017792.0,6156073.6,13396246.4,0.0,0.0,0.0,0.0,0.0,0.0,0.0,13396246.4,3349061.6,10047184.8,10047184.8,10047184.8,10047184.8,0.0,0.0,0.0,0.0,391046.4,9656138.4,,113117436.0,0.0,,9656138.4,all_equity
S03,2031-08-01,Atlas West,Nevada,45,1.18,53.1,2029-01-01,2029-04-01,0,9000,3.65,55,3400000,0.19,0.2,0.8,16,8,1.0,0.0,0.0,1.0,1.0,2029-02-01,2028-03-01,2028-02-01,2029-01-01,2029-04-01,2027-09-01,base,2029-04-01,True,True,True,0.0,0.0,28,0.8,9000,45.0,53.099999999999994,6696000,5356800.0,3.65,19552320.0,31605.119999999995,1738281.5999999996,3400000.0,1017792.0,6156073.6,13396246.4,0.0,0.0,0.0,0.0,0.0,0.0,0.0,13396246.4,3349061.6,10047184.8,10047184.8,10047184.8,10047184.8,0.0,0.0,0.0,0.0,391046.4,9656138.4,,113117436.0,0.0,,9656138.4,all_equity
S03,2031-09-01,Atlas West,Nevada,45,1.18,53.1,2029-01-01,2029-04-01,0,9000,3.65,55,3400000,0.19,0.2,0.8,16,8,1.0,0.0,0.0,1.0,1.0,2029-02-01,2028-03-01,2028-02-01,2029-01-01,2029-04-01,2027-09-01,base,2029-04-01,True,True,True,0.0,0.0,29,0.8,9000,45.0,53.099999999999994,6480000,5184000.0,3.65,18921600.0,30585.599999999995,1682207.9999999998,3400000.0,984960.0,6067168.0,12854432.0,0.0,0.0,0.0,0.0,0.0,0.0,0.0,12854432.0,3213608.0,9640824.0,9640824.0,9640824.0,9640824.0,0.0,0.0,0.0,0.0,378432.0,9262392.0,,113117436.0,0.0,,9262392.0,all_equity
S03,2031-10-01,Atlas West,Nevada,45,1.18,53.1,2029-01-01,2029-04-01,0,9000,3.65,55,3400000,0.19,0.2,0.8,16,8,1.0,0.0,0.0,1.0,1.0,2029-02-01,2028-03-01,2028-02-01,2029-01-01,2029-04-01,2027-09-01,base,2029-04-01,True,True,True,0.0,0.0,30,0.8,9000,45.0,53.099999999999994,6696000,5356800.0,3.65,19552320.0,31605.119999999995,1738281.5999999996,3400000.0,1017792.0,6156073.6,13396246.4,0.0,0.0,0.0,0.0,0.0,0.0,0.0,13396246.4,3349061.6,10047184.8,10047184.8,10047184.8,10047184.8,0.0,0.0,0.0,0.0,391046.4,9656138.4,,113117436.0,0.0,,9656138.4,all_equity
S03,2031-11-01,Atlas West,Nevada,45,1.18,53.1,2029-01-01,2029-04-01,0,9000,3.65,55,3400000,0.19,0.2,0.8,16,8,1.0,0.0,0.0,1.0,1.0,2029-02-01,2028-03-01,2028-02-01,2029-01-01,2029-04-01,2027-09-01,base,2029-04-01,True,True,True,0.0,0.0,31,0.8,9000,45.0,53.099999999999994,6480000,5184000.0,3.65,18921600.0,30585.599999999995,1682207.9999999998,3400000.0,984960.0,6067168.0,12854432.0,0.0,0.0,0.0,0.0,0.0,0.0,0.0,12854432.0,3213608.0,9640824.0,9640824.0,9640824.0,9640824.0,0.0,0.0,0.0,0.0,378432.0,9262392.0,,113117436.0,0.0,,9262392.0,all_equity
S03,2031-12-01,Atlas West,Nevada,45,1.18,53.1,2029-01-01,2029-04-01,0,9000,3.65,55,3400000,0.19,0.2,0.8,16,8,1.0,0.0,0.0,1.0,1.0,2029-02-01,2028-03-01,2028-02-01,2029-01-01,2029-04-01,2027-09-01,base,2029-04-01,True,True,True,0.0,0.0,32,0.8,9000,45.0,53.099999999999994,6696000,5356800.0,3.65,19552320.0,31605.119999999995,1738281.5999999996,3400000.0,1017792.0,6156073.6,13396246.4,0.0,0.0,0.0,0.0,0.0,0.0,0.0,13396246.4,3349061.6,10047184.8,10047184.8,10047184.8,10047184.8,0.0,0.0,0.0,0.0,391046.4,9656138.4,,113117436.0,0.0,,9656138.4,all_equity
